team,fifa_rank,fifa_points,squad_value_eur_m,last15_games,last15_wins,last15_draws,last15_losses,last15_points,last15_points_per_game,last15_quality_adjusted_points,last15_quality_adjusted_points_per_game,last15_goals_for,last15_goals_against,last15_goal_diff,last15_goals_for_per_game,last15_goals_against_per_game,last15_clean_sheets,last15_failed_to_score,last15_form
Algeria,29,1564.26,256.6,15,11.0,2.0,2.0,35.0,2.3333,33.15,2.2101,34.0,13.0,21.0,2.2667,0.8667,9.0,2.0,WDWLWWWWWWLWWDW
Argentina,3,1874.81,799.5,15,11.0,3.0,1.0,36.0,2.4,36.48,2.4318,29.0,4.0,25.0,1.9333,0.2667,11.0,3.0,WWDDWWWWLWDWWWW
Australia,27,1578.66,77.6,15,9.0,2.0,4.0,29.0,1.9333,28.23,1.8821,25.0,14.0,11.0,1.6667,0.9333,5.0,3.0,DLWWLLLWWWWWWWD
Austria,23,1597.4,231.7,15,10.0,3.0,2.0,33.0,2.2,30.05,2.0037,33.0,9.0,24.0,2.2,0.6,7.0,2.0,WWWDWLWWWWWLDDW
Belgium,9,1739.55,548.9,15,9.0,4.0,2.0,31.0,2.0667,31.22,2.0811,46.0,14.0,32.0,3.0667,0.9333,7.0,2.0,WWDWWDWDWWWDWLL
Bosnia-Herzegovina,65,1385.77,150.7,15,6.0,7.0,2.0,25.0,1.6667,22.79,1.5195,26.0,14.0,12.0,1.7333,0.9333,4.0,1.0,DDDDDWWDLWLWWWD
Brazil,6,1762.66,943.2,15,8.0,3.0,4.0,27.0,1.8,31.67,2.1116,30.0,17.0,13.0,2.0,1.1333,5.0,2.0,WWWLDWLWLWWDLWD
Canada,30,1560.62,196.15,15,7.0,7.0,1.0,28.0,1.8667,27.62,1.8413,22.0,6.0,16.0,1.4667,0.4,10.0,4.0,DWDDWWDDLWWDWDW
Cape Verde,999,0.0,55.95,15,7.0,7.0,1.0,28.0,1.8667,24.7,1.6469,22.0,11.0,11.0,1.4667,0.7333,8.0,2.0,WDLDDDWDWWDWDWW
Colombia,13,1695.99,297.75,15,7.0,5.0,3.0,26.0,1.7333,27.96,1.864,29.0,15.0,14.0,1.9333,1.0,7.0,3.0,WWLLWDWDWWWDDDL
Congo DR,46,1478.35,141.75,15,7.0,6.0,2.0,27.0,1.8,25.29,1.6863,18.0,7.0,11.0,1.2,0.4667,8.0,5.0,DWLWDWWWWDLWDDD
Croatia,11,1712.24,387.7,15,10.0,2.0,3.0,32.0,2.1333,31.78,2.1184,34.0,14.0,20.0,2.2667,0.9333,6.0,3.0,WLLWWWWDWWWWLWD
Curaçao,83,1293.08,25.83,15,6.0,5.0,4.0,23.0,1.5333,18.97,1.2649,30.0,18.0,12.0,2.0,1.2,7.0,4.0,WLLLDWDWWDLDDWW
Czechia,41,1503.04,188.18,15,9.0,4.0,2.0,31.0,2.0667,27.64,1.8425,31.0,16.0,15.0,2.0667,1.0667,6.0,1.0,WWDDWWLDDWLWWWW
Ecuador,24,1596.48,366.4,15,6.0,9.0,0.0,27.0,1.8,30.86,2.0573,15.0,6.0,9.0,1.0,0.4,9.0,5.0,WWDDWDDDWDDDDWW
Egypt,28,1565.56,116.68,15,7.0,4.0,4.0,25.0,1.6667,25.35,1.6901,20.0,15.0,5.0,1.3333,1.0,6.0,5.0,LWDWDLWWDWWWDLL
England,4,1825.97,1370.0,15,12.0,1.0,2.0,37.0,2.4667,34.16,2.2772,36.0,5.0,31.0,2.4,0.3333,12.0,1.0,WLDWWWWWWLWWWWW
France,1,1877.32,1560.0,15,11.0,1.0,3.0,34.0,2.2667,38.56,2.5707,36.0,17.0,19.0,2.4,1.1333,5.0,1.0,WLWWWWDWWWWLWLW
Germany,10,1731.3,982.0,15,10.0,2.0,3.0,32.0,2.1333,34.02,2.2678,34.0,16.0,18.0,2.2667,1.0667,6.0,3.0,WWDWWWWWWWLLLDW
Ghana,73,1346.88,235.88,15,1.0,6.0,8.0,9.0,0.6,8.1,0.5397,16.0,25.0,-9.0,1.0667,1.6667,3.0,5.0,DLLLLLWLDLDDLDD
Haiti,82,1296.61,55.6,15,5.0,4.0,6.0,19.0,1.2667,16.61,1.1075,23.0,19.0,4.0,1.5333,1.2667,6.0,4.0,LWDLWWLWDDLDLLW
Iran,999,0.0,32.65,15,7.0,5.0,3.0,26.0,1.7333,23.04,1.5363,24.0,11.0,13.0,1.6,0.7333,9.0,5.0,WDWLDDWDLWLDWWW
Iraq,57,1447.77,21.1,15,6.0,6.0,3.0,24.0,1.6,22.24,1.4825,14.0,12.0,2.0,0.9333,0.8,8.0,4.0,DWWDDWWLLDWDLWD
Ivory Coast,34,1532.98,520.9,15,9.0,3.0,3.0,30.0,2.0,32.46,2.1642,25.0,11.0,14.0,1.6667,0.7333,7.0,4.0,WWDWLWWDWWLDLWW
Japan,18,1661.58,279.4,15,10.0,3.0,2.0,33.0,2.2,33.4,2.2265,28.0,8.0,20.0,1.8667,0.5333,10.0,4.0,WWWWWWDLDWLDWWW
Jordan,63,1390.1,19.88,15,3.0,5.0,7.0,14.0,0.9333,13.22,0.8814,19.0,23.0,-4.0,1.2667,1.5333,4.0,6.0,LLDDDLLLWDLWLDW
Mexico,15,1684.13,193.55,15,7.0,6.0,2.0,27.0,1.8,30.05,2.0032,21.0,12.0,9.0,1.4,0.8,8.0,4.0,WWWDDWWWLDDLDDW
Morocco,8,1756.94,487.2,15,11.0,4.0,0.0,37.0,2.4667,35.05,2.3369,31.0,4.0,27.0,2.0667,0.2667,11.0,1.0,DWWWDWDWWWDWWWW
Netherlands,7,1757.87,814.2,15,8.0,6.0,1.0,30.0,2.0,27.68,1.8454,38.0,14.0,24.0,2.5333,0.9333,5.0,1.0,WLDWWDWWWDWWDDD
New Zealand,85,1276.66,34.6,15,3.0,2.0,10.0,11.0,0.7333,10.97,0.7316,14.0,24.0,-10.0,0.9333,1.6,2.0,7.0,LLWLLLDLLLLWWDL
Norway,31,1555.6,592.0,15,11.0,3.0,1.0,36.0,2.4,34.78,2.3185,49.0,10.0,39.0,3.2667,0.6667,7.0,1.0,DWDLWWDWWWWWWWW
Panama,33,1539.14,34.53,15,6.0,7.0,2.0,25.0,1.6667,22.71,1.5139,25.0,19.0,6.0,1.6667,1.2667,3.0,2.0,DWLWDLDWWDWDDDW
Paraguay,40,1503.5,153.65,15,7.0,4.0,4.0,25.0,1.6667,28.3,1.8867,21.0,15.0,6.0,1.4,1.0,6.0,3.0,WLWWLLDWDLWDWDW
Portugal,5,1763.83,1010.0,15,9.0,4.0,2.0,31.0,2.0667,34.35,2.2902,39.0,16.0,23.0,2.6,1.0667,4.0,3.0,WWDWLDWWWDWWLDW
Qatar,55,1452.37,19.93,15,3.0,6.0,6.0,15.0,1.0,13.31,0.8871,13.0,18.0,-5.0,0.8667,1.2,6.0,8.0,DLDDDLWDLDLLWLW
Saudi Arabia,61,1419.73,37.0,15,5.0,3.0,7.0,18.0,1.2,16.5,1.1001,15.0,20.0,-5.0,1.0,1.3333,4.0,5.0,WLLLLWDWDWLDLWL
Scotland,43,1499.92,170.23,15,9.0,1.0,5.0,28.0,1.8667,27.02,1.8014,29.0,17.0,12.0,1.9333,1.1333,5.0,4.0,WWLLWLWWWDWLLWW
Senegal,14,1686.41,480.4,15,8.0,2.0,5.0,26.0,1.7333,23.52,1.5681,29.0,15.0,14.0,1.9333,1.0,7.0,3.0,LWWLWWWWDWWLLDL
South Africa,60,1428.38,44.8,15,5.0,7.0,3.0,22.0,1.4667,20.0,1.3335,19.0,15.0,4.0,1.2667,1.0,5.0,4.0,WDLDLWLWWWDDDDD
South Korea,25,1589.65,137.55,15,8.0,4.0,3.0,28.0,1.8667,27.6,1.8402,24.0,15.0,9.0,1.6,1.0,8.0,3.0,WWLLWWWLDWWWDDD
Spain,2,1876.4,1220.0,15,9.0,6.0,0.0,33.0,2.2,37.66,2.5105,42.0,17.0,25.0,2.8,1.1333,7.0,1.0,DDWDWWWWWDWDDWW
Sweden,38,1510.11,402.98,15,6.0,3.0,6.0,21.0,1.4,21.24,1.4159,30.0,25.0,5.0,2.0,1.6667,2.0,4.0,DLWWDLLLLDWWWLW
Switzerland,19,1650.75,332.6,15,8.0,5.0,2.0,29.0,1.9333,30.97,2.0649,36.0,15.0,21.0,2.4,1.0,6.0,2.0,DWDLDWDWWWWWWDL
Tunisia,45,1479.1,69.65,15,4.0,7.0,4.0,19.0,1.2667,17.72,1.1813,15.0,19.0,-4.0,1.0,1.2667,4.0,6.0,LLDWDDLWWDWDDDL
Turkey,22,1601.99,475.7,15,11.0,1.0,3.0,34.0,2.2667,34.79,2.3194,34.0,19.0,15.0,2.2667,1.2667,5.0,2.0,WWWWDWWWLWLWWWL
United States,16,1675.7,385.65,15,8.0,2.0,5.0,26.0,1.7333,28.79,1.9193,26.0,23.0,3.0,1.7333,1.5333,2.0,2.0,LWLLWWWDWLLWDWW
Uruguay,17,1673.07,398.3,15,5.0,7.0,3.0,22.0,1.4667,23.39,1.5592,14.0,13.0,1.0,0.9333,0.8667,8.0,7.0,DDLDWWDWWLDLDWD
Uzbekistan,50,1461.21,85.33,15,6.0,5.0,4.0,23.0,1.5333,21.1,1.4069,19.0,14.0,5.0,1.2667,0.9333,8.0,4.0,LLDWDDWLWDDWWLW
