competition,position,team,P,W,D,L,GF,GA,GD,Pts,PlayedReal,PlayedPred,win_league_pct,top4_pct,bottom3_pct,most_likely_position,most_likely_position_pct,position_odds_json,sim_runs
Belgium/First Division A,1,Club Brugge,40,28,4,8,91,45,46,88,40,0,100.0,100.0,0.0,1,100.0,"{""1"":100.0,""10"":0.0,""11"":0.0,""12"":0.0,""13"":0.0,""14"":0.0,""15"":0.0,""16"":0.0,""2"":0.0,""3"":0.0,""4"":0.0,""5"":0.0,""6"":0.0,""7"":0.0,""8"":0.0,""9"":0.0}",200
Belgium/First Division A,2,St. Gilloise,40,25,11,4,66,27,39,86,40,0,0.0,100.0,0.0,2,100.0,"{""1"":0.0,""10"":0.0,""11"":0.0,""12"":0.0,""13"":0.0,""14"":0.0,""15"":0.0,""16"":0.0,""2"":100.0,""3"":0.0,""4"":0.0,""5"":0.0,""6"":0.0,""7"":0.0,""8"":0.0,""9"":0.0}",200
Belgium/First Division A,3,St Truiden,40,22,5,13,61,46,15,71,40,0,0.0,100.0,0.0,3,100.0,"{""1"":0.0,""10"":0.0,""11"":0.0,""12"":0.0,""13"":0.0,""14"":0.0,""15"":0.0,""16"":0.0,""2"":0.0,""3"":100.0,""4"":0.0,""5"":0.0,""6"":0.0,""7"":0.0,""8"":0.0,""9"":0.0}",200
Belgium/First Division A,4,Genk,40,15,14,11,57,53,4,59,40,0,0.0,100.0,0.0,4,100.0,"{""1"":0.0,""10"":0.0,""11"":0.0,""12"":0.0,""13"":0.0,""14"":0.0,""15"":0.0,""16"":0.0,""2"":0.0,""3"":0.0,""4"":100.0,""5"":0.0,""6"":0.0,""7"":0.0,""8"":0.0,""9"":0.0}",200
Belgium/First Division A,5,Standard,40,16,9,15,44,46,-2,57,40,0,0.0,0.0,0.0,5,100.0,"{""1"":0.0,""10"":0.0,""11"":0.0,""12"":0.0,""13"":0.0,""14"":0.0,""15"":0.0,""16"":0.0,""2"":0.0,""3"":0.0,""4"":0.0,""5"":100.0,""6"":0.0,""7"":0.0,""8"":0.0,""9"":0.0}",200
Belgium/First Division A,6,Anderlecht,40,15,10,15,59,62,-3,55,40,0,0.0,0.0,0.0,6,100.0,"{""1"":0.0,""10"":0.0,""11"":0.0,""12"":0.0,""13"":0.0,""14"":0.0,""15"":0.0,""16"":0.0,""2"":0.0,""3"":0.0,""4"":0.0,""5"":0.0,""6"":100.0,""7"":0.0,""8"":0.0,""9"":0.0}",200
Belgium/First Division A,7,Westerlo,40,14,10,16,50,57,-7,52,40,0,0.0,0.0,0.0,7,100.0,"{""1"":0.0,""10"":0.0,""11"":0.0,""12"":0.0,""13"":0.0,""14"":0.0,""15"":0.0,""16"":0.0,""2"":0.0,""3"":0.0,""4"":0.0,""5"":0.0,""6"":0.0,""7"":100.0,""8"":0.0,""9"":0.0}",200
Belgium/First Division A,8,Charleroi,40,14,9,17,50,50,0,51,40,0,0.0,0.0,0.0,8,100.0,"{""1"":0.0,""10"":0.0,""11"":0.0,""12"":0.0,""13"":0.0,""14"":0.0,""15"":0.0,""16"":0.0,""2"":0.0,""3"":0.0,""4"":0.0,""5"":0.0,""6"":0.0,""7"":0.0,""8"":100.0,""9"":0.0}",200
Belgium/First Division A,9,Gent,40,13,12,15,53,57,-4,51,40,0,0.0,0.0,0.0,9,100.0,"{""1"":0.0,""10"":0.0,""11"":0.0,""12"":0.0,""13"":0.0,""14"":0.0,""15"":0.0,""16"":0.0,""2"":0.0,""3"":0.0,""4"":0.0,""5"":0.0,""6"":0.0,""7"":0.0,""8"":0.0,""9"":100.0}",200
Belgium/First Division A,10,Mechelen,40,13,12,15,48,61,-13,51,40,0,0.0,0.0,0.0,10,100.0,"{""1"":0.0,""10"":100.0,""11"":0.0,""12"":0.0,""13"":0.0,""14"":0.0,""15"":0.0,""16"":0.0,""2"":0.0,""3"":0.0,""4"":0.0,""5"":0.0,""6"":0.0,""7"":0.0,""8"":0.0,""9"":0.0}",200
Belgium/First Division A,11,Waregem,36,13,9,14,53,53,0,48,36,0,0.0,0.0,0.0,11,100.0,"{""1"":0.0,""10"":0.0,""11"":100.0,""12"":0.0,""13"":0.0,""14"":0.0,""15"":0.0,""16"":0.0,""2"":0.0,""3"":0.0,""4"":0.0,""5"":0.0,""6"":0.0,""7"":0.0,""8"":0.0,""9"":0.0}",200
Belgium/First Division A,12,Antwerp,40,13,9,18,43,48,-5,48,40,0,0.0,0.0,0.0,12,100.0,"{""1"":0.0,""10"":0.0,""11"":0.0,""12"":100.0,""13"":0.0,""14"":0.0,""15"":0.0,""16"":0.0,""2"":0.0,""3"":0.0,""4"":0.0,""5"":0.0,""6"":0.0,""7"":0.0,""8"":0.0,""9"":0.0}",200
Belgium/First Division A,13,Cercle Brugge,36,10,11,15,53,58,-5,41,36,0,0.0,0.0,0.0,13,100.0,"{""1"":0.0,""10"":0.0,""11"":0.0,""12"":0.0,""13"":100.0,""14"":0.0,""15"":0.0,""16"":0.0,""2"":0.0,""3"":0.0,""4"":0.0,""5"":0.0,""6"":0.0,""7"":0.0,""8"":0.0,""9"":0.0}",200
Belgium/First Division A,14,Oud-Heverlee Leuven,40,10,10,20,41,60,-19,40,40,0,0.0,0.0,100.0,14,100.0,"{""1"":0.0,""10"":0.0,""11"":0.0,""12"":0.0,""13"":0.0,""14"":100.0,""15"":0.0,""16"":0.0,""2"":0.0,""3"":0.0,""4"":0.0,""5"":0.0,""6"":0.0,""7"":0.0,""8"":0.0,""9"":0.0}",200
Belgium/First Division A,15,RAAL La Louviere,35,7,13,15,34,48,-14,34,35,0,0.0,0.0,100.0,15,100.0,"{""1"":0.0,""10"":0.0,""11"":0.0,""12"":0.0,""13"":0.0,""14"":0.0,""15"":100.0,""16"":0.0,""2"":0.0,""3"":0.0,""4"":0.0,""5"":0.0,""6"":0.0,""7"":0.0,""8"":0.0,""9"":0.0}",200
Belgium/First Division A,16,Dender,35,4,10,21,29,61,-32,22,35,0,0.0,0.0,100.0,16,100.0,"{""1"":0.0,""10"":0.0,""11"":0.0,""12"":0.0,""13"":0.0,""14"":0.0,""15"":0.0,""16"":100.0,""2"":0.0,""3"":0.0,""4"":0.0,""5"":0.0,""6"":0.0,""7"":0.0,""8"":0.0,""9"":0.0}",200
England/Championship,1,Coventry,46,28,11,7,97,45,52,95,46,0,100.0,100.0,0.0,1,100.0,"{""1"":100.0,""10"":0.0,""11"":0.0,""12"":0.0,""13"":0.0,""14"":0.0,""15"":0.0,""16"":0.0,""17"":0.0,""18"":0.0,""19"":0.0,""2"":0.0,""20"":0.0,""21"":0.0,""22"":0.0,""23"":0.0,""24"":0.0,""3"":0.0,""4"":0.0,""5"":0.0,""6"":0.0,""7"":0.0,""8"":0.0,""9"":0.0}",200
England/Championship,2,Ipswich,46,23,15,8,80,47,33,84,46,0,0.0,100.0,0.0,2,100.0,"{""1"":0.0,""10"":0.0,""11"":0.0,""12"":0.0,""13"":0.0,""14"":0.0,""15"":0.0,""16"":0.0,""17"":0.0,""18"":0.0,""19"":0.0,""2"":100.0,""20"":0.0,""21"":0.0,""22"":0.0,""23"":0.0,""24"":0.0,""3"":0.0,""4"":0.0,""5"":0.0,""6"":0.0,""7"":0.0,""8"":0.0,""9"":0.0}",200
England/Championship,3,Millwall,46,24,11,11,64,49,15,83,46,0,0.0,100.0,0.0,3,100.0,"{""1"":0.0,""10"":0.0,""11"":0.0,""12"":0.0,""13"":0.0,""14"":0.0,""15"":0.0,""16"":0.0,""17"":0.0,""18"":0.0,""19"":0.0,""2"":0.0,""20"":0.0,""21"":0.0,""22"":0.0,""23"":0.0,""24"":0.0,""3"":100.0,""4"":0.0,""5"":0.0,""6"":0.0,""7"":0.0,""8"":0.0,""9"":0.0}",200
England/Championship,4,Southampton,46,22,14,10,82,56,26,80,46,0,0.0,100.0,0.0,4,100.0,"{""1"":0.0,""10"":0.0,""11"":0.0,""12"":0.0,""13"":0.0,""14"":0.0,""15"":0.0,""16"":0.0,""17"":0.0,""18"":0.0,""19"":0.0,""2"":0.0,""20"":0.0,""21"":0.0,""22"":0.0,""23"":0.0,""24"":0.0,""3"":0.0,""4"":100.0,""5"":0.0,""6"":0.0,""7"":0.0,""8"":0.0,""9"":0.0}",200
England/Championship,5,Middlesbrough,46,22,14,10,72,47,25,80,46,0,0.0,0.0,0.0,5,100.0,"{""1"":0.0,""10"":0.0,""11"":0.0,""12"":0.0,""13"":0.0,""14"":0.0,""15"":0.0,""16"":0.0,""17"":0.0,""18"":0.0,""19"":0.0,""2"":0.0,""20"":0.0,""21"":0.0,""22"":0.0,""23"":0.0,""24"":0.0,""3"":0.0,""4"":0.0,""5"":100.0,""6"":0.0,""7"":0.0,""8"":0.0,""9"":0.0}",200
England/Championship,6,Hull,46,21,10,15,70,66,4,73,46,0,0.0,0.0,0.0,6,100.0,"{""1"":0.0,""10"":0.0,""11"":0.0,""12"":0.0,""13"":0.0,""14"":0.0,""15"":0.0,""16"":0.0,""17"":0.0,""18"":0.0,""19"":0.0,""2"":0.0,""20"":0.0,""21"":0.0,""22"":0.0,""23"":0.0,""24"":0.0,""3"":0.0,""4"":0.0,""5"":0.0,""6"":100.0,""7"":0.0,""8"":0.0,""9"":0.0}",200
England/Championship,7,Wrexham,46,19,14,13,69,65,4,71,46,0,0.0,0.0,0.0,7,100.0,"{""1"":0.0,""10"":0.0,""11"":0.0,""12"":0.0,""13"":0.0,""14"":0.0,""15"":0.0,""16"":0.0,""17"":0.0,""18"":0.0,""19"":0.0,""2"":0.0,""20"":0.0,""21"":0.0,""22"":0.0,""23"":0.0,""24"":0.0,""3"":0.0,""4"":0.0,""5"":0.0,""6"":0.0,""7"":100.0,""8"":0.0,""9"":0.0}",200
England/Championship,8,Derby,46,20,9,17,67,59,8,69,46,0,0.0,0.0,0.0,8,100.0,"{""1"":0.0,""10"":0.0,""11"":0.0,""12"":0.0,""13"":0.0,""14"":0.0,""15"":0.0,""16"":0.0,""17"":0.0,""18"":0.0,""19"":0.0,""2"":0.0,""20"":0.0,""21"":0.0,""22"":0.0,""23"":0.0,""24"":0.0,""3"":0.0,""4"":0.0,""5"":0.0,""6"":0.0,""7"":0.0,""8"":100.0,""9"":0.0}",200
England/Championship,9,Norwich,46,19,8,19,63,56,7,65,46,0,0.0,0.0,0.0,9,100.0,"{""1"":0.0,""10"":0.0,""11"":0.0,""12"":0.0,""13"":0.0,""14"":0.0,""15"":0.0,""16"":0.0,""17"":0.0,""18"":0.0,""19"":0.0,""2"":0.0,""20"":0.0,""21"":0.0,""22"":0.0,""23"":0.0,""24"":0.0,""3"":0.0,""4"":0.0,""5"":0.0,""6"":0.0,""7"":0.0,""8"":0.0,""9"":100.0}",200
England/Championship,10,Birmingham,46,17,13,16,57,56,1,64,46,0,0.0,0.0,0.0,10,100.0,"{""1"":0.0,""10"":100.0,""11"":0.0,""12"":0.0,""13"":0.0,""14"":0.0,""15"":0.0,""16"":0.0,""17"":0.0,""18"":0.0,""19"":0.0,""2"":0.0,""20"":0.0,""21"":0.0,""22"":0.0,""23"":0.0,""24"":0.0,""3"":0.0,""4"":0.0,""5"":0.0,""6"":0.0,""7"":0.0,""8"":0.0,""9"":0.0}",200
England/Championship,11,Swansea,46,18,10,18,57,59,-2,64,46,0,0.0,0.0,0.0,11,100.0,"{""1"":0.0,""10"":0.0,""11"":100.0,""12"":0.0,""13"":0.0,""14"":0.0,""15"":0.0,""16"":0.0,""17"":0.0,""18"":0.0,""19"":0.0,""2"":0.0,""20"":0.0,""21"":0.0,""22"":0.0,""23"":0.0,""24"":0.0,""3"":0.0,""4"":0.0,""5"":0.0,""6"":0.0,""7"":0.0,""8"":0.0,""9"":0.0}",200
England/Championship,12,Bristol City,46,17,11,18,59,59,0,62,46,0,0.0,0.0,0.0,12,100.0,"{""1"":0.0,""10"":0.0,""11"":0.0,""12"":100.0,""13"":0.0,""14"":0.0,""15"":0.0,""16"":0.0,""17"":0.0,""18"":0.0,""19"":0.0,""2"":0.0,""20"":0.0,""21"":0.0,""22"":0.0,""23"":0.0,""24"":0.0,""3"":0.0,""4"":0.0,""5"":0.0,""6"":0.0,""7"":0.0,""8"":0.0,""9"":0.0}",200
England/Championship,13,Sheffield United,46,18,6,22,66,66,0,60,46,0,0.0,0.0,0.0,13,100.0,"{""1"":0.0,""10"":0.0,""11"":0.0,""12"":0.0,""13"":100.0,""14"":0.0,""15"":0.0,""16"":0.0,""17"":0.0,""18"":0.0,""19"":0.0,""2"":0.0,""20"":0.0,""21"":0.0,""22"":0.0,""23"":0.0,""24"":0.0,""3"":0.0,""4"":0.0,""5"":0.0,""6"":0.0,""7"":0.0,""8"":0.0,""9"":0.0}",200
England/Championship,14,Preston,46,15,15,16,55,62,-7,60,46,0,0.0,0.0,0.0,14,100.0,"{""1"":0.0,""10"":0.0,""11"":0.0,""12"":0.0,""13"":0.0,""14"":100.0,""15"":0.0,""16"":0.0,""17"":0.0,""18"":0.0,""19"":0.0,""2"":0.0,""20"":0.0,""21"":0.0,""22"":0.0,""23"":0.0,""24"":0.0,""3"":0.0,""4"":0.0,""5"":0.0,""6"":0.0,""7"":0.0,""8"":0.0,""9"":0.0}",200
England/Championship,15,QPR,46,16,10,20,61,73,-12,58,46,0,0.0,0.0,0.0,15,100.0,"{""1"":0.0,""10"":0.0,""11"":0.0,""12"":0.0,""13"":0.0,""14"":0.0,""15"":100.0,""16"":0.0,""17"":0.0,""18"":0.0,""19"":0.0,""2"":0.0,""20"":0.0,""21"":0.0,""22"":0.0,""23"":0.0,""24"":0.0,""3"":0.0,""4"":0.0,""5"":0.0,""6"":0.0,""7"":0.0,""8"":0.0,""9"":0.0}",200
England/Championship,16,Watford,46,14,15,17,53,65,-12,57,46,0,0.0,0.0,0.0,16,100.0,"{""1"":0.0,""10"":0.0,""11"":0.0,""12"":0.0,""13"":0.0,""14"":0.0,""15"":0.0,""16"":100.0,""17"":0.0,""18"":0.0,""19"":0.0,""2"":0.0,""20"":0.0,""21"":0.0,""22"":0.0,""23"":0.0,""24"":0.0,""3"":0.0,""4"":0.0,""5"":0.0,""6"":0.0,""7"":0.0,""8"":0.0,""9"":0.0}",200
England/Championship,17,Stoke,46,15,10,21,51,56,-5,55,46,0,0.0,0.0,0.0,17,100.0,"{""1"":0.0,""10"":0.0,""11"":0.0,""12"":0.0,""13"":0.0,""14"":0.0,""15"":0.0,""16"":0.0,""17"":100.0,""18"":0.0,""19"":0.0,""2"":0.0,""20"":0.0,""21"":0.0,""22"":0.0,""23"":0.0,""24"":0.0,""3"":0.0,""4"":0.0,""5"":0.0,""6"":0.0,""7"":0.0,""8"":0.0,""9"":0.0}",200
England/Championship,18,Portsmouth,46,14,13,19,49,64,-15,55,46,0,0.0,0.0,0.0,18,100.0,"{""1"":0.0,""10"":0.0,""11"":0.0,""12"":0.0,""13"":0.0,""14"":0.0,""15"":0.0,""16"":0.0,""17"":0.0,""18"":100.0,""19"":0.0,""2"":0.0,""20"":0.0,""21"":0.0,""22"":0.0,""23"":0.0,""24"":0.0,""3"":0.0,""4"":0.0,""5"":0.0,""6"":0.0,""7"":0.0,""8"":0.0,""9"":0.0}",200
England/Championship,19,West Brom,46,13,14,19,48,58,-10,53,46,0,0.0,0.0,0.0,19,100.0,"{""1"":0.0,""10"":0.0,""11"":0.0,""12"":0.0,""13"":0.0,""14"":0.0,""15"":0.0,""16"":0.0,""17"":0.0,""18"":0.0,""19"":100.0,""2"":0.0,""20"":0.0,""21"":0.0,""22"":0.0,""23"":0.0,""24"":0.0,""3"":0.0,""4"":0.0,""5"":0.0,""6"":0.0,""7"":0.0,""8"":0.0,""9"":0.0}",200
England/Championship,20,Charlton,46,13,14,19,44,58,-14,53,46,0,0.0,0.0,0.0,20,100.0,"{""1"":0.0,""10"":0.0,""11"":0.0,""12"":0.0,""13"":0.0,""14"":0.0,""15"":0.0,""16"":0.0,""17"":0.0,""18"":0.0,""19"":0.0,""2"":0.0,""20"":100.0,""21"":0.0,""22"":0.0,""23"":0.0,""24"":0.0,""3"":0.0,""4"":0.0,""5"":0.0,""6"":0.0,""7"":0.0,""8"":0.0,""9"":0.0}",200
England/Championship,21,Leicester,46,12,16,18,58,68,-10,52,46,0,0.0,0.0,0.0,21,100.0,"{""1"":0.0,""10"":0.0,""11"":0.0,""12"":0.0,""13"":0.0,""14"":0.0,""15"":0.0,""16"":0.0,""17"":0.0,""18"":0.0,""19"":0.0,""2"":0.0,""20"":0.0,""21"":100.0,""22"":0.0,""23"":0.0,""24"":0.0,""3"":0.0,""4"":0.0,""5"":0.0,""6"":0.0,""7"":0.0,""8"":0.0,""9"":0.0}",200
England/Championship,22,Blackburn,46,13,13,20,42,56,-14,52,46,0,0.0,0.0,100.0,22,100.0,"{""1"":0.0,""10"":0.0,""11"":0.0,""12"":0.0,""13"":0.0,""14"":0.0,""15"":0.0,""16"":0.0,""17"":0.0,""18"":0.0,""19"":0.0,""2"":0.0,""20"":0.0,""21"":0.0,""22"":100.0,""23"":0.0,""24"":0.0,""3"":0.0,""4"":0.0,""5"":0.0,""6"":0.0,""7"":0.0,""8"":0.0,""9"":0.0}",200
England/Championship,23,Oxford,46,11,14,21,45,59,-14,47,46,0,0.0,0.0,100.0,23,100.0,"{""1"":0.0,""10"":0.0,""11"":0.0,""12"":0.0,""13"":0.0,""14"":0.0,""15"":0.0,""16"":0.0,""17"":0.0,""18"":0.0,""19"":0.0,""2"":0.0,""20"":0.0,""21"":0.0,""22"":0.0,""23"":100.0,""24"":0.0,""3"":0.0,""4"":0.0,""5"":0.0,""6"":0.0,""7"":0.0,""8"":0.0,""9"":0.0}",200
England/Championship,24,Sheffield Weds,46,2,12,32,29,89,-60,18,46,0,0.0,0.0,100.0,24,100.0,"{""1"":0.0,""10"":0.0,""11"":0.0,""12"":0.0,""13"":0.0,""14"":0.0,""15"":0.0,""16"":0.0,""17"":0.0,""18"":0.0,""19"":0.0,""2"":0.0,""20"":0.0,""21"":0.0,""22"":0.0,""23"":0.0,""24"":100.0,""3"":0.0,""4"":0.0,""5"":0.0,""6"":0.0,""7"":0.0,""8"":0.0,""9"":0.0}",200
England/Premier League,1,Arsenal,38,26,7,5,71,27,44,85,38,0,100.0,100.0,0.0,1,100.0,"{""1"":100.0,""10"":0.0,""11"":0.0,""12"":0.0,""13"":0.0,""14"":0.0,""15"":0.0,""16"":0.0,""17"":0.0,""18"":0.0,""19"":0.0,""2"":0.0,""20"":0.0,""3"":0.0,""4"":0.0,""5"":0.0,""6"":0.0,""7"":0.0,""8"":0.0,""9"":0.0}",200
England/Premier League,2,Man City,38,23,9,6,77,35,42,78,38,0,0.0,100.0,0.0,2,100.0,"{""1"":0.0,""10"":0.0,""11"":0.0,""12"":0.0,""13"":0.0,""14"":0.0,""15"":0.0,""16"":0.0,""17"":0.0,""18"":0.0,""19"":0.0,""2"":100.0,""20"":0.0,""3"":0.0,""4"":0.0,""5"":0.0,""6"":0.0,""7"":0.0,""8"":0.0,""9"":0.0}",200
England/Premier League,3,Man United,38,20,11,7,69,50,19,71,38,0,0.0,100.0,0.0,3,100.0,"{""1"":0.0,""10"":0.0,""11"":0.0,""12"":0.0,""13"":0.0,""14"":0.0,""15"":0.0,""16"":0.0,""17"":0.0,""18"":0.0,""19"":0.0,""2"":0.0,""20"":0.0,""3"":100.0,""4"":0.0,""5"":0.0,""6"":0.0,""7"":0.0,""8"":0.0,""9"":0.0}",200
England/Premier League,4,Aston Villa,38,19,8,11,56,49,7,65,38,0,0.0,100.0,0.0,4,100.0,"{""1"":0.0,""10"":0.0,""11"":0.0,""12"":0.0,""13"":0.0,""14"":0.0,""15"":0.0,""16"":0.0,""17"":0.0,""18"":0.0,""19"":0.0,""2"":0.0,""20"":0.0,""3"":0.0,""4"":100.0,""5"":0.0,""6"":0.0,""7"":0.0,""8"":0.0,""9"":0.0}",200
England/Premier League,5,Liverpool,38,17,9,12,63,53,10,60,38,0,0.0,0.0,0.0,5,100.0,"{""1"":0.0,""10"":0.0,""11"":0.0,""12"":0.0,""13"":0.0,""14"":0.0,""15"":0.0,""16"":0.0,""17"":0.0,""18"":0.0,""19"":0.0,""2"":0.0,""20"":0.0,""3"":0.0,""4"":0.0,""5"":100.0,""6"":0.0,""7"":0.0,""8"":0.0,""9"":0.0}",200
England/Premier League,6,Bournemouth,38,13,18,7,58,54,4,57,38,0,0.0,0.0,0.0,6,100.0,"{""1"":0.0,""10"":0.0,""11"":0.0,""12"":0.0,""13"":0.0,""14"":0.0,""15"":0.0,""16"":0.0,""17"":0.0,""18"":0.0,""19"":0.0,""2"":0.0,""20"":0.0,""3"":0.0,""4"":0.0,""5"":0.0,""6"":100.0,""7"":0.0,""8"":0.0,""9"":0.0}",200
England/Premier League,7,Sunderland,38,14,12,12,42,48,-6,54,38,0,0.0,0.0,0.0,7,100.0,"{""1"":0.0,""10"":0.0,""11"":0.0,""12"":0.0,""13"":0.0,""14"":0.0,""15"":0.0,""16"":0.0,""17"":0.0,""18"":0.0,""19"":0.0,""2"":0.0,""20"":0.0,""3"":0.0,""4"":0.0,""5"":0.0,""6"":0.0,""7"":100.0,""8"":0.0,""9"":0.0}",200
England/Premier League,8,Brighton,38,14,11,13,52,46,6,53,38,0,0.0,0.0,0.0,8,100.0,"{""1"":0.0,""10"":0.0,""11"":0.0,""12"":0.0,""13"":0.0,""14"":0.0,""15"":0.0,""16"":0.0,""17"":0.0,""18"":0.0,""19"":0.0,""2"":0.0,""20"":0.0,""3"":0.0,""4"":0.0,""5"":0.0,""6"":0.0,""7"":0.0,""8"":100.0,""9"":0.0}",200
England/Premier League,9,Brentford,38,14,11,13,55,52,3,53,38,0,0.0,0.0,0.0,9,100.0,"{""1"":0.0,""10"":0.0,""11"":0.0,""12"":0.0,""13"":0.0,""14"":0.0,""15"":0.0,""16"":0.0,""17"":0.0,""18"":0.0,""19"":0.0,""2"":0.0,""20"":0.0,""3"":0.0,""4"":0.0,""5"":0.0,""6"":0.0,""7"":0.0,""8"":0.0,""9"":100.0}",200
England/Premier League,10,Chelsea,38,14,10,14,58,52,6,52,38,0,0.0,0.0,0.0,10,100.0,"{""1"":0.0,""10"":100.0,""11"":0.0,""12"":0.0,""13"":0.0,""14"":0.0,""15"":0.0,""16"":0.0,""17"":0.0,""18"":0.0,""19"":0.0,""2"":0.0,""20"":0.0,""3"":0.0,""4"":0.0,""5"":0.0,""6"":0.0,""7"":0.0,""8"":0.0,""9"":0.0}",200
England/Premier League,11,Fulham,38,15,7,16,47,51,-4,52,38,0,0.0,0.0,0.0,11,100.0,"{""1"":0.0,""10"":0.0,""11"":100.0,""12"":0.0,""13"":0.0,""14"":0.0,""15"":0.0,""16"":0.0,""17"":0.0,""18"":0.0,""19"":0.0,""2"":0.0,""20"":0.0,""3"":0.0,""4"":0.0,""5"":0.0,""6"":0.0,""7"":0.0,""8"":0.0,""9"":0.0}",200
England/Premier League,12,Newcastle,38,14,7,17,53,55,-2,49,38,0,0.0,0.0,0.0,12,100.0,"{""1"":0.0,""10"":0.0,""11"":0.0,""12"":100.0,""13"":0.0,""14"":0.0,""15"":0.0,""16"":0.0,""17"":0.0,""18"":0.0,""19"":0.0,""2"":0.0,""20"":0.0,""3"":0.0,""4"":0.0,""5"":0.0,""6"":0.0,""7"":0.0,""8"":0.0,""9"":0.0}",200
England/Premier League,13,Everton,38,13,10,15,47,50,-3,49,38,0,0.0,0.0,0.0,13,100.0,"{""1"":0.0,""10"":0.0,""11"":0.0,""12"":0.0,""13"":100.0,""14"":0.0,""15"":0.0,""16"":0.0,""17"":0.0,""18"":0.0,""19"":0.0,""2"":0.0,""20"":0.0,""3"":0.0,""4"":0.0,""5"":0.0,""6"":0.0,""7"":0.0,""8"":0.0,""9"":0.0}",200
England/Premier League,14,Leeds,38,11,14,13,49,56,-7,47,38,0,0.0,0.0,0.0,14,100.0,"{""1"":0.0,""10"":0.0,""11"":0.0,""12"":0.0,""13"":0.0,""14"":100.0,""15"":0.0,""16"":0.0,""17"":0.0,""18"":0.0,""19"":0.0,""2"":0.0,""20"":0.0,""3"":0.0,""4"":0.0,""5"":0.0,""6"":0.0,""7"":0.0,""8"":0.0,""9"":0.0}",200
England/Premier League,15,Crystal Palace,38,11,12,15,41,51,-10,45,38,0,0.0,0.0,0.0,15,100.0,"{""1"":0.0,""10"":0.0,""11"":0.0,""12"":0.0,""13"":0.0,""14"":0.0,""15"":100.0,""16"":0.0,""17"":0.0,""18"":0.0,""19"":0.0,""2"":0.0,""20"":0.0,""3"":0.0,""4"":0.0,""5"":0.0,""6"":0.0,""7"":0.0,""8"":0.0,""9"":0.0}",200
England/Premier League,16,Nott'm Forest,38,11,11,16,48,51,-3,44,38,0,0.0,0.0,0.0,16,100.0,"{""1"":0.0,""10"":0.0,""11"":0.0,""12"":0.0,""13"":0.0,""14"":0.0,""15"":0.0,""16"":100.0,""17"":0.0,""18"":0.0,""19"":0.0,""2"":0.0,""20"":0.0,""3"":0.0,""4"":0.0,""5"":0.0,""6"":0.0,""7"":0.0,""8"":0.0,""9"":0.0}",200
England/Premier League,17,Tottenham,38,10,11,17,48,57,-9,41,38,0,0.0,0.0,0.0,17,100.0,"{""1"":0.0,""10"":0.0,""11"":0.0,""12"":0.0,""13"":0.0,""14"":0.0,""15"":0.0,""16"":0.0,""17"":100.0,""18"":0.0,""19"":0.0,""2"":0.0,""20"":0.0,""3"":0.0,""4"":0.0,""5"":0.0,""6"":0.0,""7"":0.0,""8"":0.0,""9"":0.0}",200
England/Premier League,18,West Ham,38,10,9,19,46,65,-19,39,38,0,0.0,0.0,100.0,18,100.0,"{""1"":0.0,""10"":0.0,""11"":0.0,""12"":0.0,""13"":0.0,""14"":0.0,""15"":0.0,""16"":0.0,""17"":0.0,""18"":100.0,""19"":0.0,""2"":0.0,""20"":0.0,""3"":0.0,""4"":0.0,""5"":0.0,""6"":0.0,""7"":0.0,""8"":0.0,""9"":0.0}",200
England/Premier League,19,Burnley,38,4,10,24,38,75,-37,22,38,0,0.0,0.0,100.0,19,100.0,"{""1"":0.0,""10"":0.0,""11"":0.0,""12"":0.0,""13"":0.0,""14"":0.0,""15"":0.0,""16"":0.0,""17"":0.0,""18"":0.0,""19"":100.0,""2"":0.0,""20"":0.0,""3"":0.0,""4"":0.0,""5"":0.0,""6"":0.0,""7"":0.0,""8"":0.0,""9"":0.0}",200
England/Premier League,20,Wolves,38,3,11,24,27,68,-41,20,38,0,0.0,0.0,100.0,20,100.0,"{""1"":0.0,""10"":0.0,""11"":0.0,""12"":0.0,""13"":0.0,""14"":0.0,""15"":0.0,""16"":0.0,""17"":0.0,""18"":0.0,""19"":0.0,""2"":0.0,""20"":100.0,""3"":0.0,""4"":0.0,""5"":0.0,""6"":0.0,""7"":0.0,""8"":0.0,""9"":0.0}",200
France/Ligue 1,1,Paris SG,34,24,4,6,74,29,45,76,34,0,100.0,100.0,0.0,1,100.0,"{""1"":100.0,""10"":0.0,""11"":0.0,""12"":0.0,""13"":0.0,""14"":0.0,""15"":0.0,""16"":0.0,""17"":0.0,""18"":0.0,""2"":0.0,""3"":0.0,""4"":0.0,""5"":0.0,""6"":0.0,""7"":0.0,""8"":0.0,""9"":0.0}",200
France/Ligue 1,2,Lens,34,22,4,8,66,35,31,70,34,0,0.0,100.0,0.0,2,100.0,"{""1"":0.0,""10"":0.0,""11"":0.0,""12"":0.0,""13"":0.0,""14"":0.0,""15"":0.0,""16"":0.0,""17"":0.0,""18"":0.0,""2"":100.0,""3"":0.0,""4"":0.0,""5"":0.0,""6"":0.0,""7"":0.0,""8"":0.0,""9"":0.0}",200
France/Ligue 1,3,Lille,34,18,7,9,52,37,15,61,34,0,0.0,100.0,0.0,3,100.0,"{""1"":0.0,""10"":0.0,""11"":0.0,""12"":0.0,""13"":0.0,""14"":0.0,""15"":0.0,""16"":0.0,""17"":0.0,""18"":0.0,""2"":0.0,""3"":100.0,""4"":0.0,""5"":0.0,""6"":0.0,""7"":0.0,""8"":0.0,""9"":0.0}",200
France/Ligue 1,4,Lyon,34,18,6,10,53,40,13,60,34,0,0.0,100.0,0.0,4,100.0,"{""1"":0.0,""10"":0.0,""11"":0.0,""12"":0.0,""13"":0.0,""14"":0.0,""15"":0.0,""16"":0.0,""17"":0.0,""18"":0.0,""2"":0.0,""3"":0.0,""4"":100.0,""5"":0.0,""6"":0.0,""7"":0.0,""8"":0.0,""9"":0.0}",200
France/Ligue 1,5,Marseille,34,18,5,11,63,45,18,59,34,0,0.0,0.0,0.0,5,100.0,"{""1"":0.0,""10"":0.0,""11"":0.0,""12"":0.0,""13"":0.0,""14"":0.0,""15"":0.0,""16"":0.0,""17"":0.0,""18"":0.0,""2"":0.0,""3"":0.0,""4"":0.0,""5"":100.0,""6"":0.0,""7"":0.0,""8"":0.0,""9"":0.0}",200
France/Ligue 1,6,Rennes,34,17,8,9,59,50,9,59,34,0,0.0,0.0,0.0,6,100.0,"{""1"":0.0,""10"":0.0,""11"":0.0,""12"":0.0,""13"":0.0,""14"":0.0,""15"":0.0,""16"":0.0,""17"":0.0,""18"":0.0,""2"":0.0,""3"":0.0,""4"":0.0,""5"":0.0,""6"":100.0,""7"":0.0,""8"":0.0,""9"":0.0}",200
France/Ligue 1,7,Monaco,34,16,6,12,60,54,6,54,34,0,0.0,0.0,0.0,7,100.0,"{""1"":0.0,""10"":0.0,""11"":0.0,""12"":0.0,""13"":0.0,""14"":0.0,""15"":0.0,""16"":0.0,""17"":0.0,""18"":0.0,""2"":0.0,""3"":0.0,""4"":0.0,""5"":0.0,""6"":0.0,""7"":100.0,""8"":0.0,""9"":0.0}",200
France/Ligue 1,8,Strasbourg,34,15,8,11,58,47,11,53,34,0,0.0,0.0,0.0,8,100.0,"{""1"":0.0,""10"":0.0,""11"":0.0,""12"":0.0,""13"":0.0,""14"":0.0,""15"":0.0,""16"":0.0,""17"":0.0,""18"":0.0,""2"":0.0,""3"":0.0,""4"":0.0,""5"":0.0,""6"":0.0,""7"":0.0,""8"":100.0,""9"":0.0}",200
France/Ligue 1,9,Toulouse,34,12,8,13,49,48,1,45,33,1,0.0,0.0,0.0,9,68.5,"{""1"":0.0,""10"":31.5,""11"":0.0,""12"":0.0,""13"":0.0,""14"":0.0,""15"":0.0,""16"":0.0,""17"":0.0,""18"":0.0,""2"":0.0,""3"":0.0,""4"":0.0,""5"":0.0,""6"":0.0,""7"":0.0,""8"":0.0,""9"":68.5}",200
France/Ligue 1,10,Lorient,34,11,12,11,48,51,-3,45,34,0,0.0,0.0,0.0,10,68.5,"{""1"":0.0,""10"":68.5,""11"":0.0,""12"":0.0,""13"":0.0,""14"":0.0,""15"":0.0,""16"":0.0,""17"":0.0,""18"":0.0,""2"":0.0,""3"":0.0,""4"":0.0,""5"":0.0,""6"":0.0,""7"":0.0,""8"":0.0,""9"":31.5}",200
France/Ligue 1,11,Paris FC,34,11,11,12,47,50,-3,44,34,0,0.0,0.0,0.0,11,100.0,"{""1"":0.0,""10"":0.0,""11"":100.0,""12"":0.0,""13"":0.0,""14"":0.0,""15"":0.0,""16"":0.0,""17"":0.0,""18"":0.0,""2"":0.0,""3"":0.0,""4"":0.0,""5"":0.0,""6"":0.0,""7"":0.0,""8"":0.0,""9"":0.0}",200
France/Ligue 1,12,Brest,34,10,9,15,43,55,-12,39,34,0,0.0,0.0,0.0,12,100.0,"{""1"":0.0,""10"":0.0,""11"":0.0,""12"":100.0,""13"":0.0,""14"":0.0,""15"":0.0,""16"":0.0,""17"":0.0,""18"":0.0,""2"":0.0,""3"":0.0,""4"":0.0,""5"":0.0,""6"":0.0,""7"":0.0,""8"":0.0,""9"":0.0}",200
France/Ligue 1,13,Angers,34,9,9,16,29,48,-19,36,34,0,0.0,0.0,0.0,13,100.0,"{""1"":0.0,""10"":0.0,""11"":0.0,""12"":0.0,""13"":100.0,""14"":0.0,""15"":0.0,""16"":0.0,""17"":0.0,""18"":0.0,""2"":0.0,""3"":0.0,""4"":0.0,""5"":0.0,""6"":0.0,""7"":0.0,""8"":0.0,""9"":0.0}",200
France/Ligue 1,14,Le Havre,34,7,14,13,32,44,-12,35,34,0,0.0,0.0,0.0,14,100.0,"{""1"":0.0,""10"":0.0,""11"":0.0,""12"":0.0,""13"":0.0,""14"":100.0,""15"":0.0,""16"":0.0,""17"":0.0,""18"":0.0,""2"":0.0,""3"":0.0,""4"":0.0,""5"":0.0,""6"":0.0,""7"":0.0,""8"":0.0,""9"":0.0}",200
France/Ligue 1,15,Auxerre,34,8,10,16,34,44,-10,34,34,0,0.0,0.0,0.0,15,100.0,"{""1"":0.0,""10"":0.0,""11"":0.0,""12"":0.0,""13"":0.0,""14"":0.0,""15"":100.0,""16"":0.0,""17"":0.0,""18"":0.0,""2"":0.0,""3"":0.0,""4"":0.0,""5"":0.0,""6"":0.0,""7"":0.0,""8"":0.0,""9"":0.0}",200
France/Ligue 1,16,Nice,34,7,11,16,37,60,-23,32,34,0,0.0,0.0,100.0,16,100.0,"{""1"":0.0,""10"":0.0,""11"":0.0,""12"":0.0,""13"":0.0,""14"":0.0,""15"":0.0,""16"":100.0,""17"":0.0,""18"":0.0,""2"":0.0,""3"":0.0,""4"":0.0,""5"":0.0,""6"":0.0,""7"":0.0,""8"":0.0,""9"":0.0}",200
France/Ligue 1,17,Nantes,34,5,8,20,31,54,-23,24,33,1,0.0,0.0,100.0,17,100.0,"{""1"":0.0,""10"":0.0,""11"":0.0,""12"":0.0,""13"":0.0,""14"":0.0,""15"":0.0,""16"":0.0,""17"":100.0,""18"":0.0,""2"":0.0,""3"":0.0,""4"":0.0,""5"":0.0,""6"":0.0,""7"":0.0,""8"":0.0,""9"":0.0}",200
France/Ligue 1,18,Metz,34,3,8,23,32,76,-44,17,34,0,0.0,0.0,100.0,18,100.0,"{""1"":0.0,""10"":0.0,""11"":0.0,""12"":0.0,""13"":0.0,""14"":0.0,""15"":0.0,""16"":0.0,""17"":0.0,""18"":100.0,""2"":0.0,""3"":0.0,""4"":0.0,""5"":0.0,""6"":0.0,""7"":0.0,""8"":0.0,""9"":0.0}",200
France/Ligue 2,1,Troyes,34,20,7,7,60,33,27,67,34,0,100.0,100.0,0.0,1,100.0,"{""1"":100.0,""10"":0.0,""11"":0.0,""12"":0.0,""13"":0.0,""14"":0.0,""15"":0.0,""16"":0.0,""17"":0.0,""18"":0.0,""2"":0.0,""3"":0.0,""4"":0.0,""5"":0.0,""6"":0.0,""7"":0.0,""8"":0.0,""9"":0.0}",200
France/Ligue 2,2,Le Mans,34,16,14,4,50,31,19,62,34,0,0.0,100.0,0.0,2,100.0,"{""1"":0.0,""10"":0.0,""11"":0.0,""12"":0.0,""13"":0.0,""14"":0.0,""15"":0.0,""16"":0.0,""17"":0.0,""18"":0.0,""2"":100.0,""3"":0.0,""4"":0.0,""5"":0.0,""6"":0.0,""7"":0.0,""8"":0.0,""9"":0.0}",200
France/Ligue 2,3,St Etienne,34,18,6,10,59,38,21,60,34,0,0.0,100.0,0.0,3,100.0,"{""1"":0.0,""10"":0.0,""11"":0.0,""12"":0.0,""13"":0.0,""14"":0.0,""15"":0.0,""16"":0.0,""17"":0.0,""18"":0.0,""2"":0.0,""3"":100.0,""4"":0.0,""5"":0.0,""6"":0.0,""7"":0.0,""8"":0.0,""9"":0.0}",200
France/Ligue 2,4,Rodez,34,15,13,6,45,39,6,58,34,0,0.0,53.0,0.0,4,53.0,"{""1"":0.0,""10"":0.0,""11"":0.0,""12"":0.0,""13"":0.0,""14"":0.0,""15"":0.0,""16"":0.0,""17"":0.0,""18"":0.0,""2"":0.0,""3"":0.0,""4"":53.0,""5"":47.0,""6"":0.0,""7"":0.0,""8"":0.0,""9"":0.0}",200
France/Ligue 2,5,Red Star,34,15,10,8,47,38,8,57,33,1,0.0,47.0,0.0,6,53.0,"{""1"":0.0,""10"":0.0,""11"":0.0,""12"":0.0,""13"":0.0,""14"":0.0,""15"":0.0,""16"":0.0,""17"":0.0,""18"":0.0,""2"":0.0,""3"":0.0,""4"":47.0,""5"":0.0,""6"":53.0,""7"":0.0,""8"":0.0,""9"":0.0}",200
France/Ligue 2,6,Reims,34,14,14,6,53,35,18,56,34,0,0.0,0.0,0.0,5,53.0,"{""1"":0.0,""10"":0.0,""11"":0.0,""12"":0.0,""13"":0.0,""14"":0.0,""15"":0.0,""16"":0.0,""17"":0.0,""18"":0.0,""2"":0.0,""3"":0.0,""4"":0.0,""5"":53.0,""6"":47.0,""7"":0.0,""8"":0.0,""9"":0.0}",200
France/Ligue 2,7,Annecy,34,15,7,12,49,39,10,52,34,0,0.0,0.0,0.0,7,100.0,"{""1"":0.0,""10"":0.0,""11"":0.0,""12"":0.0,""13"":0.0,""14"":0.0,""15"":0.0,""16"":0.0,""17"":0.0,""18"":0.0,""2"":0.0,""3"":0.0,""4"":0.0,""5"":0.0,""6"":0.0,""7"":100.0,""8"":0.0,""9"":0.0}",200
France/Ligue 2,8,Montpellier,34,14,9,11,41,31,10,51,34,0,0.0,0.0,0.0,8,100.0,"{""1"":0.0,""10"":0.0,""11"":0.0,""12"":0.0,""13"":0.0,""14"":0.0,""15"":0.0,""16"":0.0,""17"":0.0,""18"":0.0,""2"":0.0,""3"":0.0,""4"":0.0,""5"":0.0,""6"":0.0,""7"":0.0,""8"":100.0,""9"":0.0}",200
France/Ligue 2,9,Pau FC,34,12,9,13,48,62,-14,45,34,0,0.0,0.0,0.0,9,100.0,"{""1"":0.0,""10"":0.0,""11"":0.0,""12"":0.0,""13"":0.0,""14"":0.0,""15"":0.0,""16"":0.0,""17"":0.0,""18"":0.0,""2"":0.0,""3"":0.0,""4"":0.0,""5"":0.0,""6"":0.0,""7"":0.0,""8"":0.0,""9"":100.0}",200
France/Ligue 2,10,Dunkerque,34,11,10,13,53,45,8,43,34,0,0.0,0.0,0.0,10,100.0,"{""1"":0.0,""10"":100.0,""11"":0.0,""12"":0.0,""13"":0.0,""14"":0.0,""15"":0.0,""16"":0.0,""17"":0.0,""18"":0.0,""2"":0.0,""3"":0.0,""4"":0.0,""5"":0.0,""6"":0.0,""7"":0.0,""8"":0.0,""9"":0.0}",200
France/Ligue 2,11,Guingamp,34,10,10,14,42,49,-7,40,34,0,0.0,0.0,0.0,11,100.0,"{""1"":0.0,""10"":0.0,""11"":100.0,""12"":0.0,""13"":0.0,""14"":0.0,""15"":0.0,""16"":0.0,""17"":0.0,""18"":0.0,""2"":0.0,""3"":0.0,""4"":0.0,""5"":0.0,""6"":0.0,""7"":0.0,""8"":0.0,""9"":0.0}",200
France/Ligue 2,12,Grenoble,34,8,15,11,33,39,-6,39,34,0,0.0,0.0,0.0,12,100.0,"{""1"":0.0,""10"":0.0,""11"":0.0,""12"":100.0,""13"":0.0,""14"":0.0,""15"":0.0,""16"":0.0,""17"":0.0,""18"":0.0,""2"":0.0,""3"":0.0,""4"":0.0,""5"":0.0,""6"":0.0,""7"":0.0,""8"":0.0,""9"":0.0}",200
France/Ligue 2,13,Clermont,34,9,10,15,38,44,-6,37,34,0,0.0,0.0,0.0,13,100.0,"{""1"":0.0,""10"":0.0,""11"":0.0,""12"":0.0,""13"":100.0,""14"":0.0,""15"":0.0,""16"":0.0,""17"":0.0,""18"":0.0,""2"":0.0,""3"":0.0,""4"":0.0,""5"":0.0,""6"":0.0,""7"":0.0,""8"":0.0,""9"":0.0}",200
France/Ligue 2,14,Nancy,34,9,10,15,35,52,-17,37,34,0,0.0,0.0,0.0,14,100.0,"{""1"":0.0,""10"":0.0,""11"":0.0,""12"":0.0,""13"":0.0,""14"":100.0,""15"":0.0,""16"":0.0,""17"":0.0,""18"":0.0,""2"":0.0,""3"":0.0,""4"":0.0,""5"":0.0,""6"":0.0,""7"":0.0,""8"":0.0,""9"":0.0}",200
France/Ligue 2,15,Boulogne,34,9,9,16,34,49,-15,36,34,0,0.0,0.0,0.0,15,100.0,"{""1"":0.0,""10"":0.0,""11"":0.0,""12"":0.0,""13"":0.0,""14"":0.0,""15"":100.0,""16"":0.0,""17"":0.0,""18"":0.0,""2"":0.0,""3"":0.0,""4"":0.0,""5"":0.0,""6"":0.0,""7"":0.0,""8"":0.0,""9"":0.0}",200
France/Ligue 2,16,Laval,34,6,14,14,30,48,-18,32,34,0,0.0,0.0,100.0,16,100.0,"{""1"":0.0,""10"":0.0,""11"":0.0,""12"":0.0,""13"":0.0,""14"":0.0,""15"":0.0,""16"":100.0,""17"":0.0,""18"":0.0,""2"":0.0,""3"":0.0,""4"":0.0,""5"":0.0,""6"":0.0,""7"":0.0,""8"":0.0,""9"":0.0}",200
France/Ligue 2,17,Bastia,34,5,13,15,24,41,-16,29,33,1,0.0,0.0,100.0,17,100.0,"{""1"":0.0,""10"":0.0,""11"":0.0,""12"":0.0,""13"":0.0,""14"":0.0,""15"":0.0,""16"":0.0,""17"":100.0,""18"":0.0,""2"":0.0,""3"":0.0,""4"":0.0,""5"":0.0,""6"":0.0,""7"":0.0,""8"":0.0,""9"":0.0}",200
France/Ligue 2,18,Amiens,34,6,6,22,37,65,-28,24,34,0,0.0,0.0,100.0,18,100.0,"{""1"":0.0,""10"":0.0,""11"":0.0,""12"":0.0,""13"":0.0,""14"":0.0,""15"":0.0,""16"":0.0,""17"":0.0,""18"":100.0,""2"":0.0,""3"":0.0,""4"":0.0,""5"":0.0,""6"":0.0,""7"":0.0,""8"":0.0,""9"":0.0}",200
Germany/Bundesliga,1,Bayern Munich,34,28,5,1,122,36,86,89,34,0,100.0,100.0,0.0,1,100.0,"{""1"":100.0,""10"":0.0,""11"":0.0,""12"":0.0,""13"":0.0,""14"":0.0,""15"":0.0,""16"":0.0,""17"":0.0,""18"":0.0,""2"":0.0,""3"":0.0,""4"":0.0,""5"":0.0,""6"":0.0,""7"":0.0,""8"":0.0,""9"":0.0}",200
Germany/Bundesliga,2,Dortmund,34,22,7,5,70,34,36,73,34,0,0.0,100.0,0.0,2,100.0,"{""1"":0.0,""10"":0.0,""11"":0.0,""12"":0.0,""13"":0.0,""14"":0.0,""15"":0.0,""16"":0.0,""17"":0.0,""18"":0.0,""2"":100.0,""3"":0.0,""4"":0.0,""5"":0.0,""6"":0.0,""7"":0.0,""8"":0.0,""9"":0.0}",200
Germany/Bundesliga,3,RB Leipzig,34,20,5,9,66,47,19,65,34,0,0.0,100.0,0.0,3,100.0,"{""1"":0.0,""10"":0.0,""11"":0.0,""12"":0.0,""13"":0.0,""14"":0.0,""15"":0.0,""16"":0.0,""17"":0.0,""18"":0.0,""2"":0.0,""3"":100.0,""4"":0.0,""5"":0.0,""6"":0.0,""7"":0.0,""8"":0.0,""9"":0.0}",200
Germany/Bundesliga,4,Stuttgart,34,18,8,8,71,49,22,62,34,0,0.0,100.0,0.0,4,100.0,"{""1"":0.0,""10"":0.0,""11"":0.0,""12"":0.0,""13"":0.0,""14"":0.0,""15"":0.0,""16"":0.0,""17"":0.0,""18"":0.0,""2"":0.0,""3"":0.0,""4"":100.0,""5"":0.0,""6"":0.0,""7"":0.0,""8"":0.0,""9"":0.0}",200
Germany/Bundesliga,5,Hoffenheim,34,18,7,9,65,52,13,61,34,0,0.0,0.0,0.0,5,100.0,"{""1"":0.0,""10"":0.0,""11"":0.0,""12"":0.0,""13"":0.0,""14"":0.0,""15"":0.0,""16"":0.0,""17"":0.0,""18"":0.0,""2"":0.0,""3"":0.0,""4"":0.0,""5"":100.0,""6"":0.0,""7"":0.0,""8"":0.0,""9"":0.0}",200
Germany/Bundesliga,6,Leverkusen,34,17,8,9,68,47,21,59,34,0,0.0,0.0,0.0,6,100.0,"{""1"":0.0,""10"":0.0,""11"":0.0,""12"":0.0,""13"":0.0,""14"":0.0,""15"":0.0,""16"":0.0,""17"":0.0,""18"":0.0,""2"":0.0,""3"":0.0,""4"":0.0,""5"":0.0,""6"":100.0,""7"":0.0,""8"":0.0,""9"":0.0}",200
Germany/Bundesliga,7,Freiburg,34,13,8,13,51,57,-6,47,34,0,0.0,0.0,0.0,7,100.0,"{""1"":0.0,""10"":0.0,""11"":0.0,""12"":0.0,""13"":0.0,""14"":0.0,""15"":0.0,""16"":0.0,""17"":0.0,""18"":0.0,""2"":0.0,""3"":0.0,""4"":0.0,""5"":0.0,""6"":0.0,""7"":100.0,""8"":0.0,""9"":0.0}",200
Germany/Bundesliga,8,Ein Frankfurt,34,11,11,12,61,65,-4,44,34,0,0.0,0.0,0.0,8,100.0,"{""1"":0.0,""10"":0.0,""11"":0.0,""12"":0.0,""13"":0.0,""14"":0.0,""15"":0.0,""16"":0.0,""17"":0.0,""18"":0.0,""2"":0.0,""3"":0.0,""4"":0.0,""5"":0.0,""6"":0.0,""7"":0.0,""8"":100.0,""9"":0.0}",200
Germany/Bundesliga,9,Augsburg,34,12,7,15,45,61,-16,43,34,0,0.0,0.0,0.0,9,100.0,"{""1"":0.0,""10"":0.0,""11"":0.0,""12"":0.0,""13"":0.0,""14"":0.0,""15"":0.0,""16"":0.0,""17"":0.0,""18"":0.0,""2"":0.0,""3"":0.0,""4"":0.0,""5"":0.0,""6"":0.0,""7"":0.0,""8"":0.0,""9"":100.0}",200
Germany/Bundesliga,10,Mainz,34,10,10,14,44,53,-9,40,34,0,0.0,0.0,0.0,10,100.0,"{""1"":0.0,""10"":100.0,""11"":0.0,""12"":0.0,""13"":0.0,""14"":0.0,""15"":0.0,""16"":0.0,""17"":0.0,""18"":0.0,""2"":0.0,""3"":0.0,""4"":0.0,""5"":0.0,""6"":0.0,""7"":0.0,""8"":0.0,""9"":0.0}",200
Germany/Bundesliga,11,Union Berlin,34,10,9,15,44,58,-14,39,34,0,0.0,0.0,0.0,11,100.0,"{""1"":0.0,""10"":0.0,""11"":100.0,""12"":0.0,""13"":0.0,""14"":0.0,""15"":0.0,""16"":0.0,""17"":0.0,""18"":0.0,""2"":0.0,""3"":0.0,""4"":0.0,""5"":0.0,""6"":0.0,""7"":0.0,""8"":0.0,""9"":0.0}",200
Germany/Bundesliga,12,M'gladbach,34,9,11,14,42,53,-11,38,34,0,0.0,0.0,0.0,12,100.0,"{""1"":0.0,""10"":0.0,""11"":0.0,""12"":100.0,""13"":0.0,""14"":0.0,""15"":0.0,""16"":0.0,""17"":0.0,""18"":0.0,""2"":0.0,""3"":0.0,""4"":0.0,""5"":0.0,""6"":0.0,""7"":0.0,""8"":0.0,""9"":0.0}",200
Germany/Bundesliga,13,Hamburg,34,9,11,14,40,54,-14,38,34,0,0.0,0.0,0.0,13,100.0,"{""1"":0.0,""10"":0.0,""11"":0.0,""12"":0.0,""13"":100.0,""14"":0.0,""15"":0.0,""16"":0.0,""17"":0.0,""18"":0.0,""2"":0.0,""3"":0.0,""4"":0.0,""5"":0.0,""6"":0.0,""7"":0.0,""8"":0.0,""9"":0.0}",200
Germany/Bundesliga,14,FC Koln,34,7,11,16,49,63,-14,32,34,0,0.0,0.0,0.0,14,100.0,"{""1"":0.0,""10"":0.0,""11"":0.0,""12"":0.0,""13"":0.0,""14"":100.0,""15"":0.0,""16"":0.0,""17"":0.0,""18"":0.0,""2"":0.0,""3"":0.0,""4"":0.0,""5"":0.0,""6"":0.0,""7"":0.0,""8"":0.0,""9"":0.0}",200
Germany/Bundesliga,15,Werder Bremen,34,8,8,18,37,60,-23,32,34,0,0.0,0.0,0.0,15,100.0,"{""1"":0.0,""10"":0.0,""11"":0.0,""12"":0.0,""13"":0.0,""14"":0.0,""15"":100.0,""16"":0.0,""17"":0.0,""18"":0.0,""2"":0.0,""3"":0.0,""4"":0.0,""5"":0.0,""6"":0.0,""7"":0.0,""8"":0.0,""9"":0.0}",200
Germany/Bundesliga,16,Wolfsburg,34,7,8,19,45,69,-24,29,34,0,0.0,0.0,100.0,16,100.0,"{""1"":0.0,""10"":0.0,""11"":0.0,""12"":0.0,""13"":0.0,""14"":0.0,""15"":0.0,""16"":100.0,""17"":0.0,""18"":0.0,""2"":0.0,""3"":0.0,""4"":0.0,""5"":0.0,""6"":0.0,""7"":0.0,""8"":0.0,""9"":0.0}",200
Germany/Bundesliga,17,Heidenheim,34,6,8,20,41,72,-31,26,34,0,0.0,0.0,100.0,17,100.0,"{""1"":0.0,""10"":0.0,""11"":0.0,""12"":0.0,""13"":0.0,""14"":0.0,""15"":0.0,""16"":0.0,""17"":100.0,""18"":0.0,""2"":0.0,""3"":0.0,""4"":0.0,""5"":0.0,""6"":0.0,""7"":0.0,""8"":0.0,""9"":0.0}",200
Germany/Bundesliga,18,St Pauli,34,6,8,20,29,60,-31,26,34,0,0.0,0.0,100.0,18,100.0,"{""1"":0.0,""10"":0.0,""11"":0.0,""12"":0.0,""13"":0.0,""14"":0.0,""15"":0.0,""16"":0.0,""17"":0.0,""18"":100.0,""2"":0.0,""3"":0.0,""4"":0.0,""5"":0.0,""6"":0.0,""7"":0.0,""8"":0.0,""9"":0.0}",200
Germany/Bundesliga 2,1,Schalke 04,34,21,7,6,50,31,19,70,34,0,100.0,100.0,0.0,1,100.0,"{""1"":100.0,""10"":0.0,""11"":0.0,""12"":0.0,""13"":0.0,""14"":0.0,""15"":0.0,""16"":0.0,""17"":0.0,""18"":0.0,""2"":0.0,""3"":0.0,""4"":0.0,""5"":0.0,""6"":0.0,""7"":0.0,""8"":0.0,""9"":0.0}",200
Germany/Bundesliga 2,2,Elversberg,34,18,8,8,64,39,25,62,34,0,0.0,100.0,0.0,2,100.0,"{""1"":0.0,""10"":0.0,""11"":0.0,""12"":0.0,""13"":0.0,""14"":0.0,""15"":0.0,""16"":0.0,""17"":0.0,""18"":0.0,""2"":100.0,""3"":0.0,""4"":0.0,""5"":0.0,""6"":0.0,""7"":0.0,""8"":0.0,""9"":0.0}",200
Germany/Bundesliga 2,3,Paderborn,34,18,8,8,59,45,14,62,34,0,0.0,100.0,0.0,3,100.0,"{""1"":0.0,""10"":0.0,""11"":0.0,""12"":0.0,""13"":0.0,""14"":0.0,""15"":0.0,""16"":0.0,""17"":0.0,""18"":0.0,""2"":0.0,""3"":100.0,""4"":0.0,""5"":0.0,""6"":0.0,""7"":0.0,""8"":0.0,""9"":0.0}",200
Germany/Bundesliga 2,4,Hannover,34,16,12,6,60,44,16,60,34,0,0.0,100.0,0.0,4,100.0,"{""1"":0.0,""10"":0.0,""11"":0.0,""12"":0.0,""13"":0.0,""14"":0.0,""15"":0.0,""16"":0.0,""17"":0.0,""18"":0.0,""2"":0.0,""3"":0.0,""4"":100.0,""5"":0.0,""6"":0.0,""7"":0.0,""8"":0.0,""9"":0.0}",200
Germany/Bundesliga 2,5,Darmstadt,34,13,13,8,57,45,12,52,34,0,0.0,0.0,0.0,5,100.0,"{""1"":0.0,""10"":0.0,""11"":0.0,""12"":0.0,""13"":0.0,""14"":0.0,""15"":0.0,""16"":0.0,""17"":0.0,""18"":0.0,""2"":0.0,""3"":0.0,""4"":0.0,""5"":100.0,""6"":0.0,""7"":0.0,""8"":0.0,""9"":0.0}",200
Germany/Bundesliga 2,6,Kaiserslautern,34,16,4,14,52,47,5,52,34,0,0.0,0.0,0.0,6,100.0,"{""1"":0.0,""10"":0.0,""11"":0.0,""12"":0.0,""13"":0.0,""14"":0.0,""15"":0.0,""16"":0.0,""17"":0.0,""18"":0.0,""2"":0.0,""3"":0.0,""4"":0.0,""5"":0.0,""6"":100.0,""7"":0.0,""8"":0.0,""9"":0.0}",200
Germany/Bundesliga 2,7,Hertha,34,14,9,11,47,44,3,51,34,0,0.0,0.0,0.0,7,100.0,"{""1"":0.0,""10"":0.0,""11"":0.0,""12"":0.0,""13"":0.0,""14"":0.0,""15"":0.0,""16"":0.0,""17"":0.0,""18"":0.0,""2"":0.0,""3"":0.0,""4"":0.0,""5"":0.0,""6"":0.0,""7"":100.0,""8"":0.0,""9"":0.0}",200
Germany/Bundesliga 2,8,Nurnberg,34,12,10,12,47,45,2,46,34,0,0.0,0.0,0.0,8,100.0,"{""1"":0.0,""10"":0.0,""11"":0.0,""12"":0.0,""13"":0.0,""14"":0.0,""15"":0.0,""16"":0.0,""17"":0.0,""18"":0.0,""2"":0.0,""3"":0.0,""4"":0.0,""5"":0.0,""6"":0.0,""7"":0.0,""8"":100.0,""9"":0.0}",200
Germany/Bundesliga 2,9,Bochum,34,11,11,12,49,47,2,44,34,0,0.0,0.0,0.0,9,100.0,"{""1"":0.0,""10"":0.0,""11"":0.0,""12"":0.0,""13"":0.0,""14"":0.0,""15"":0.0,""16"":0.0,""17"":0.0,""18"":0.0,""2"":0.0,""3"":0.0,""4"":0.0,""5"":0.0,""6"":0.0,""7"":0.0,""8"":0.0,""9"":100.0}",200
Germany/Bundesliga 2,10,Karlsruhe,34,12,8,14,53,64,-11,44,34,0,0.0,0.0,0.0,10,100.0,"{""1"":0.0,""10"":100.0,""11"":0.0,""12"":0.0,""13"":0.0,""14"":0.0,""15"":0.0,""16"":0.0,""17"":0.0,""18"":0.0,""2"":0.0,""3"":0.0,""4"":0.0,""5"":0.0,""6"":0.0,""7"":0.0,""8"":0.0,""9"":0.0}",200
Germany/Bundesliga 2,11,Dresden,34,11,8,15,54,53,1,41,34,0,0.0,0.0,0.0,11,100.0,"{""1"":0.0,""10"":0.0,""11"":100.0,""12"":0.0,""13"":0.0,""14"":0.0,""15"":0.0,""16"":0.0,""17"":0.0,""18"":0.0,""2"":0.0,""3"":0.0,""4"":0.0,""5"":0.0,""6"":0.0,""7"":0.0,""8"":0.0,""9"":0.0}",200
Germany/Bundesliga 2,12,Holstein Kiel,34,11,8,15,44,48,-4,41,34,0,0.0,0.0,0.0,12,100.0,"{""1"":0.0,""10"":0.0,""11"":0.0,""12"":100.0,""13"":0.0,""14"":0.0,""15"":0.0,""16"":0.0,""17"":0.0,""18"":0.0,""2"":0.0,""3"":0.0,""4"":0.0,""5"":0.0,""6"":0.0,""7"":0.0,""8"":0.0,""9"":0.0}",200
Germany/Bundesliga 2,13,Bielefeld,34,10,9,15,53,51,2,39,34,0,0.0,0.0,0.0,13,100.0,"{""1"":0.0,""10"":0.0,""11"":0.0,""12"":0.0,""13"":100.0,""14"":0.0,""15"":0.0,""16"":0.0,""17"":0.0,""18"":0.0,""2"":0.0,""3"":0.0,""4"":0.0,""5"":0.0,""6"":0.0,""7"":0.0,""8"":0.0,""9"":0.0}",200
Germany/Bundesliga 2,14,Magdeburg,34,12,3,19,52,58,-6,39,34,0,0.0,0.0,0.0,14,100.0,"{""1"":0.0,""10"":0.0,""11"":0.0,""12"":0.0,""13"":0.0,""14"":100.0,""15"":0.0,""16"":0.0,""17"":0.0,""18"":0.0,""2"":0.0,""3"":0.0,""4"":0.0,""5"":0.0,""6"":0.0,""7"":0.0,""8"":0.0,""9"":0.0}",200
Germany/Bundesliga 2,15,Braunschweig,34,10,7,17,36,54,-18,37,34,0,0.0,0.0,0.0,15,100.0,"{""1"":0.0,""10"":0.0,""11"":0.0,""12"":0.0,""13"":0.0,""14"":0.0,""15"":100.0,""16"":0.0,""17"":0.0,""18"":0.0,""2"":0.0,""3"":0.0,""4"":0.0,""5"":0.0,""6"":0.0,""7"":0.0,""8"":0.0,""9"":0.0}",200
Germany/Bundesliga 2,16,Greuther Furth,34,10,7,17,49,68,-19,37,34,0,0.0,0.0,100.0,16,100.0,"{""1"":0.0,""10"":0.0,""11"":0.0,""12"":0.0,""13"":0.0,""14"":0.0,""15"":0.0,""16"":100.0,""17"":0.0,""18"":0.0,""2"":0.0,""3"":0.0,""4"":0.0,""5"":0.0,""6"":0.0,""7"":0.0,""8"":0.0,""9"":0.0}",200
Germany/Bundesliga 2,17,Fortuna Dusseldorf,34,11,4,19,33,53,-20,37,34,0,0.0,0.0,100.0,17,100.0,"{""1"":0.0,""10"":0.0,""11"":0.0,""12"":0.0,""13"":0.0,""14"":0.0,""15"":0.0,""16"":0.0,""17"":100.0,""18"":0.0,""2"":0.0,""3"":0.0,""4"":0.0,""5"":0.0,""6"":0.0,""7"":0.0,""8"":0.0,""9"":0.0}",200
Germany/Bundesliga 2,18,Preußen Münster,34,6,12,16,38,61,-23,30,34,0,0.0,0.0,100.0,18,100.0,"{""1"":0.0,""10"":0.0,""11"":0.0,""12"":0.0,""13"":0.0,""14"":0.0,""15"":0.0,""16"":0.0,""17"":0.0,""18"":100.0,""2"":0.0,""3"":0.0,""4"":0.0,""5"":0.0,""6"":0.0,""7"":0.0,""8"":0.0,""9"":0.0}",200
Italy/Serie A,1,Inter,38,27,6,5,89,35,54,87,38,0,100.0,100.0,0.0,1,100.0,"{""1"":100.0,""10"":0.0,""11"":0.0,""12"":0.0,""13"":0.0,""14"":0.0,""15"":0.0,""16"":0.0,""17"":0.0,""18"":0.0,""19"":0.0,""2"":0.0,""20"":0.0,""3"":0.0,""4"":0.0,""5"":0.0,""6"":0.0,""7"":0.0,""8"":0.0,""9"":0.0}",200
Italy/Serie A,2,Napoli,38,23,7,8,58,36,22,76,38,0,0.0,100.0,0.0,2,100.0,"{""1"":0.0,""10"":0.0,""11"":0.0,""12"":0.0,""13"":0.0,""14"":0.0,""15"":0.0,""16"":0.0,""17"":0.0,""18"":0.0,""19"":0.0,""2"":100.0,""20"":0.0,""3"":0.0,""4"":0.0,""5"":0.0,""6"":0.0,""7"":0.0,""8"":0.0,""9"":0.0}",200
Italy/Serie A,3,Roma,38,23,4,11,59,31,28,73,38,0,0.0,100.0,0.0,3,100.0,"{""1"":0.0,""10"":0.0,""11"":0.0,""12"":0.0,""13"":0.0,""14"":0.0,""15"":0.0,""16"":0.0,""17"":0.0,""18"":0.0,""19"":0.0,""2"":0.0,""20"":0.0,""3"":100.0,""4"":0.0,""5"":0.0,""6"":0.0,""7"":0.0,""8"":0.0,""9"":0.0}",200
Italy/Serie A,4,Como,38,20,11,7,65,29,36,71,38,0,0.0,100.0,0.0,4,100.0,"{""1"":0.0,""10"":0.0,""11"":0.0,""12"":0.0,""13"":0.0,""14"":0.0,""15"":0.0,""16"":0.0,""17"":0.0,""18"":0.0,""19"":0.0,""2"":0.0,""20"":0.0,""3"":0.0,""4"":100.0,""5"":0.0,""6"":0.0,""7"":0.0,""8"":0.0,""9"":0.0}",200
Italy/Serie A,5,Milan,38,20,10,8,53,35,18,70,38,0,0.0,0.0,0.0,5,100.0,"{""1"":0.0,""10"":0.0,""11"":0.0,""12"":0.0,""13"":0.0,""14"":0.0,""15"":0.0,""16"":0.0,""17"":0.0,""18"":0.0,""19"":0.0,""2"":0.0,""20"":0.0,""3"":0.0,""4"":0.0,""5"":100.0,""6"":0.0,""7"":0.0,""8"":0.0,""9"":0.0}",200
Italy/Serie A,6,Juventus,38,19,12,7,61,34,27,69,38,0,0.0,0.0,0.0,6,100.0,"{""1"":0.0,""10"":0.0,""11"":0.0,""12"":0.0,""13"":0.0,""14"":0.0,""15"":0.0,""16"":0.0,""17"":0.0,""18"":0.0,""19"":0.0,""2"":0.0,""20"":0.0,""3"":0.0,""4"":0.0,""5"":0.0,""6"":100.0,""7"":0.0,""8"":0.0,""9"":0.0}",200
Italy/Serie A,7,Atalanta,38,15,14,9,51,36,15,59,38,0,0.0,0.0,0.0,7,100.0,"{""1"":0.0,""10"":0.0,""11"":0.0,""12"":0.0,""13"":0.0,""14"":0.0,""15"":0.0,""16"":0.0,""17"":0.0,""18"":0.0,""19"":0.0,""2"":0.0,""20"":0.0,""3"":0.0,""4"":0.0,""5"":0.0,""6"":0.0,""7"":100.0,""8"":0.0,""9"":0.0}",200
Italy/Serie A,8,Bologna,38,16,8,14,49,46,3,56,38,0,0.0,0.0,0.0,8,100.0,"{""1"":0.0,""10"":0.0,""11"":0.0,""12"":0.0,""13"":0.0,""14"":0.0,""15"":0.0,""16"":0.0,""17"":0.0,""18"":0.0,""19"":0.0,""2"":0.0,""20"":0.0,""3"":0.0,""4"":0.0,""5"":0.0,""6"":0.0,""7"":0.0,""8"":100.0,""9"":0.0}",200
Italy/Serie A,9,Lazio,38,14,12,12,41,40,1,54,38,0,0.0,0.0,0.0,9,100.0,"{""1"":0.0,""10"":0.0,""11"":0.0,""12"":0.0,""13"":0.0,""14"":0.0,""15"":0.0,""16"":0.0,""17"":0.0,""18"":0.0,""19"":0.0,""2"":0.0,""20"":0.0,""3"":0.0,""4"":0.0,""5"":0.0,""6"":0.0,""7"":0.0,""8"":0.0,""9"":100.0}",200
Italy/Serie A,10,Udinese,38,14,8,16,45,48,-3,50,38,0,0.0,0.0,0.0,10,100.0,"{""1"":0.0,""10"":100.0,""11"":0.0,""12"":0.0,""13"":0.0,""14"":0.0,""15"":0.0,""16"":0.0,""17"":0.0,""18"":0.0,""19"":0.0,""2"":0.0,""20"":0.0,""3"":0.0,""4"":0.0,""5"":0.0,""6"":0.0,""7"":0.0,""8"":0.0,""9"":0.0}",200
Italy/Serie A,11,Sassuolo,38,14,7,17,46,50,-4,49,38,0,0.0,0.0,0.0,11,100.0,"{""1"":0.0,""10"":0.0,""11"":100.0,""12"":0.0,""13"":0.0,""14"":0.0,""15"":0.0,""16"":0.0,""17"":0.0,""18"":0.0,""19"":0.0,""2"":0.0,""20"":0.0,""3"":0.0,""4"":0.0,""5"":0.0,""6"":0.0,""7"":0.0,""8"":0.0,""9"":0.0}",200
Italy/Serie A,12,Parma,38,11,12,15,28,46,-18,45,38,0,0.0,0.0,0.0,12,100.0,"{""1"":0.0,""10"":0.0,""11"":0.0,""12"":100.0,""13"":0.0,""14"":0.0,""15"":0.0,""16"":0.0,""17"":0.0,""18"":0.0,""19"":0.0,""2"":0.0,""20"":0.0,""3"":0.0,""4"":0.0,""5"":0.0,""6"":0.0,""7"":0.0,""8"":0.0,""9"":0.0}",200
Italy/Serie A,13,Torino,38,12,9,17,44,63,-19,45,38,0,0.0,0.0,0.0,13,100.0,"{""1"":0.0,""10"":0.0,""11"":0.0,""12"":0.0,""13"":100.0,""14"":0.0,""15"":0.0,""16"":0.0,""17"":0.0,""18"":0.0,""19"":0.0,""2"":0.0,""20"":0.0,""3"":0.0,""4"":0.0,""5"":0.0,""6"":0.0,""7"":0.0,""8"":0.0,""9"":0.0}",200
Italy/Serie A,14,Cagliari,38,11,10,17,40,53,-13,43,38,0,0.0,0.0,0.0,14,100.0,"{""1"":0.0,""10"":0.0,""11"":0.0,""12"":0.0,""13"":0.0,""14"":100.0,""15"":0.0,""16"":0.0,""17"":0.0,""18"":0.0,""19"":0.0,""2"":0.0,""20"":0.0,""3"":0.0,""4"":0.0,""5"":0.0,""6"":0.0,""7"":0.0,""8"":0.0,""9"":0.0}",200
Italy/Serie A,15,Fiorentina,38,9,15,14,41,50,-9,42,38,0,0.0,0.0,0.0,15,100.0,"{""1"":0.0,""10"":0.0,""11"":0.0,""12"":0.0,""13"":0.0,""14"":0.0,""15"":100.0,""16"":0.0,""17"":0.0,""18"":0.0,""19"":0.0,""2"":0.0,""20"":0.0,""3"":0.0,""4"":0.0,""5"":0.0,""6"":0.0,""7"":0.0,""8"":0.0,""9"":0.0}",200
Italy/Serie A,16,Genoa,38,10,11,17,41,51,-10,41,38,0,0.0,0.0,0.0,16,100.0,"{""1"":0.0,""10"":0.0,""11"":0.0,""12"":0.0,""13"":0.0,""14"":0.0,""15"":0.0,""16"":100.0,""17"":0.0,""18"":0.0,""19"":0.0,""2"":0.0,""20"":0.0,""3"":0.0,""4"":0.0,""5"":0.0,""6"":0.0,""7"":0.0,""8"":0.0,""9"":0.0}",200
Italy/Serie A,17,Lecce,38,10,8,20,28,50,-22,38,38,0,0.0,0.0,0.0,17,100.0,"{""1"":0.0,""10"":0.0,""11"":0.0,""12"":0.0,""13"":0.0,""14"":0.0,""15"":0.0,""16"":0.0,""17"":100.0,""18"":0.0,""19"":0.0,""2"":0.0,""20"":0.0,""3"":0.0,""4"":0.0,""5"":0.0,""6"":0.0,""7"":0.0,""8"":0.0,""9"":0.0}",200
Italy/Serie A,18,Cremonese,38,8,10,20,32,57,-25,34,38,0,0.0,0.0,100.0,18,100.0,"{""1"":0.0,""10"":0.0,""11"":0.0,""12"":0.0,""13"":0.0,""14"":0.0,""15"":0.0,""16"":0.0,""17"":0.0,""18"":100.0,""19"":0.0,""2"":0.0,""20"":0.0,""3"":0.0,""4"":0.0,""5"":0.0,""6"":0.0,""7"":0.0,""8"":0.0,""9"":0.0}",200
Italy/Serie A,19,Verona,38,3,12,23,25,61,-36,21,38,0,0.0,0.0,100.0,19,100.0,"{""1"":0.0,""10"":0.0,""11"":0.0,""12"":0.0,""13"":0.0,""14"":0.0,""15"":0.0,""16"":0.0,""17"":0.0,""18"":0.0,""19"":100.0,""2"":0.0,""20"":0.0,""3"":0.0,""4"":0.0,""5"":0.0,""6"":0.0,""7"":0.0,""8"":0.0,""9"":0.0}",200
Italy/Serie A,20,Pisa,38,2,12,24,26,71,-45,18,38,0,0.0,0.0,100.0,20,100.0,"{""1"":0.0,""10"":0.0,""11"":0.0,""12"":0.0,""13"":0.0,""14"":0.0,""15"":0.0,""16"":0.0,""17"":0.0,""18"":0.0,""19"":0.0,""2"":0.0,""20"":100.0,""3"":0.0,""4"":0.0,""5"":0.0,""6"":0.0,""7"":0.0,""8"":0.0,""9"":0.0}",200
Italy/Serie B,1,Venezia,38,24,10,4,77,31,46,82,38,0,100.0,100.0,0.0,1,100.0,"{""1"":100.0,""10"":0.0,""11"":0.0,""12"":0.0,""13"":0.0,""14"":0.0,""15"":0.0,""16"":0.0,""17"":0.0,""18"":0.0,""19"":0.0,""2"":0.0,""20"":0.0,""3"":0.0,""4"":0.0,""5"":0.0,""6"":0.0,""7"":0.0,""8"":0.0,""9"":0.0}",200
Italy/Serie B,2,Frosinone,38,23,12,3,76,34,42,81,38,0,0.0,100.0,0.0,2,100.0,"{""1"":0.0,""10"":0.0,""11"":0.0,""12"":0.0,""13"":0.0,""14"":0.0,""15"":0.0,""16"":0.0,""17"":0.0,""18"":0.0,""19"":0.0,""2"":100.0,""20"":0.0,""3"":0.0,""4"":0.0,""5"":0.0,""6"":0.0,""7"":0.0,""8"":0.0,""9"":0.0}",200
Italy/Serie B,3,Monza,38,22,10,6,61,32,29,76,38,0,0.0,100.0,0.0,3,100.0,"{""1"":0.0,""10"":0.0,""11"":0.0,""12"":0.0,""13"":0.0,""14"":0.0,""15"":0.0,""16"":0.0,""17"":0.0,""18"":0.0,""19"":0.0,""2"":0.0,""20"":0.0,""3"":100.0,""4"":0.0,""5"":0.0,""6"":0.0,""7"":0.0,""8"":0.0,""9"":0.0}",200
Italy/Serie B,4,Palermo,38,20,12,6,61,33,28,72,38,0,0.0,100.0,0.0,4,100.0,"{""1"":0.0,""10"":0.0,""11"":0.0,""12"":0.0,""13"":0.0,""14"":0.0,""15"":0.0,""16"":0.0,""17"":0.0,""18"":0.0,""19"":0.0,""2"":0.0,""20"":0.0,""3"":0.0,""4"":100.0,""5"":0.0,""6"":0.0,""7"":0.0,""8"":0.0,""9"":0.0}",200
Italy/Serie B,5,Catanzaro,38,15,14,9,62,51,11,59,38,0,0.0,0.0,0.0,5,100.0,"{""1"":0.0,""10"":0.0,""11"":0.0,""12"":0.0,""13"":0.0,""14"":0.0,""15"":0.0,""16"":0.0,""17"":0.0,""18"":0.0,""19"":0.0,""2"":0.0,""20"":0.0,""3"":0.0,""4"":0.0,""5"":100.0,""6"":0.0,""7"":0.0,""8"":0.0,""9"":0.0}",200
Italy/Serie B,6,Modena,38,15,10,13,49,36,13,55,38,0,0.0,0.0,0.0,6,100.0,"{""1"":0.0,""10"":0.0,""11"":0.0,""12"":0.0,""13"":0.0,""14"":0.0,""15"":0.0,""16"":0.0,""17"":0.0,""18"":0.0,""19"":0.0,""2"":0.0,""20"":0.0,""3"":0.0,""4"":0.0,""5"":0.0,""6"":100.0,""7"":0.0,""8"":0.0,""9"":0.0}",200
Italy/Serie B,7,Juve Stabia,38,11,18,9,44,45,-1,51,38,0,0.0,0.0,0.0,7,100.0,"{""1"":0.0,""10"":0.0,""11"":0.0,""12"":0.0,""13"":0.0,""14"":0.0,""15"":0.0,""16"":0.0,""17"":0.0,""18"":0.0,""19"":0.0,""2"":0.0,""20"":0.0,""3"":0.0,""4"":0.0,""5"":0.0,""6"":0.0,""7"":100.0,""8"":0.0,""9"":0.0}",200
Italy/Serie B,8,Avellino,38,13,10,15,43,55,-12,49,38,0,0.0,0.0,0.0,8,100.0,"{""1"":0.0,""10"":0.0,""11"":0.0,""12"":0.0,""13"":0.0,""14"":0.0,""15"":0.0,""16"":0.0,""17"":0.0,""18"":0.0,""19"":0.0,""2"":0.0,""20"":0.0,""3"":0.0,""4"":0.0,""5"":0.0,""6"":0.0,""7"":0.0,""8"":100.0,""9"":0.0}",200
Italy/Serie B,9,Padova,38,12,10,16,39,49,-10,46,38,0,0.0,0.0,0.0,9,100.0,"{""1"":0.0,""10"":0.0,""11"":0.0,""12"":0.0,""13"":0.0,""14"":0.0,""15"":0.0,""16"":0.0,""17"":0.0,""18"":0.0,""19"":0.0,""2"":0.0,""20"":0.0,""3"":0.0,""4"":0.0,""5"":0.0,""6"":0.0,""7"":0.0,""8"":0.0,""9"":100.0}",200
Italy/Serie B,10,Cesena,38,12,10,16,45,56,-11,46,38,0,0.0,0.0,0.0,10,100.0,"{""1"":0.0,""10"":100.0,""11"":0.0,""12"":0.0,""13"":0.0,""14"":0.0,""15"":0.0,""16"":0.0,""17"":0.0,""18"":0.0,""19"":0.0,""2"":0.0,""20"":0.0,""3"":0.0,""4"":0.0,""5"":0.0,""6"":0.0,""7"":0.0,""8"":0.0,""9"":0.0}",200
Italy/Serie B,11,Mantova,38,13,7,18,45,57,-12,46,38,0,0.0,0.0,0.0,11,100.0,"{""1"":0.0,""10"":0.0,""11"":100.0,""12"":0.0,""13"":0.0,""14"":0.0,""15"":0.0,""16"":0.0,""17"":0.0,""18"":0.0,""19"":0.0,""2"":0.0,""20"":0.0,""3"":0.0,""4"":0.0,""5"":0.0,""6"":0.0,""7"":0.0,""8"":0.0,""9"":0.0}",200
Italy/Serie B,12,Carrarese,38,10,14,14,47,52,-5,44,38,0,0.0,0.0,0.0,12,100.0,"{""1"":0.0,""10"":0.0,""11"":0.0,""12"":100.0,""13"":0.0,""14"":0.0,""15"":0.0,""16"":0.0,""17"":0.0,""18"":0.0,""19"":0.0,""2"":0.0,""20"":0.0,""3"":0.0,""4"":0.0,""5"":0.0,""6"":0.0,""7"":0.0,""8"":0.0,""9"":0.0}",200
Italy/Serie B,13,Sampdoria,38,11,11,16,35,48,-13,44,38,0,0.0,0.0,0.0,13,100.0,"{""1"":0.0,""10"":0.0,""11"":0.0,""12"":0.0,""13"":100.0,""14"":0.0,""15"":0.0,""16"":0.0,""17"":0.0,""18"":0.0,""19"":0.0,""2"":0.0,""20"":0.0,""3"":0.0,""4"":0.0,""5"":0.0,""6"":0.0,""7"":0.0,""8"":0.0,""9"":0.0}",200
Italy/Serie B,14,Virtus Entella,38,10,12,16,36,51,-15,42,38,0,0.0,0.0,0.0,14,100.0,"{""1"":0.0,""10"":0.0,""11"":0.0,""12"":0.0,""13"":0.0,""14"":100.0,""15"":0.0,""16"":0.0,""17"":0.0,""18"":0.0,""19"":0.0,""2"":0.0,""20"":0.0,""3"":0.0,""4"":0.0,""5"":0.0,""6"":0.0,""7"":0.0,""8"":0.0,""9"":0.0}",200
Italy/Serie B,15,Empoli,38,9,14,15,47,54,-7,41,38,0,0.0,0.0,0.0,15,100.0,"{""1"":0.0,""10"":0.0,""11"":0.0,""12"":0.0,""13"":0.0,""14"":0.0,""15"":100.0,""16"":0.0,""17"":0.0,""18"":0.0,""19"":0.0,""2"":0.0,""20"":0.0,""3"":0.0,""4"":0.0,""5"":0.0,""6"":0.0,""7"":0.0,""8"":0.0,""9"":0.0}",200
Italy/Serie B,16,Sudtirol,38,8,17,13,38,48,-10,41,38,0,0.0,0.0,0.0,16,100.0,"{""1"":0.0,""10"":0.0,""11"":0.0,""12"":0.0,""13"":0.0,""14"":0.0,""15"":0.0,""16"":100.0,""17"":0.0,""18"":0.0,""19"":0.0,""2"":0.0,""20"":0.0,""3"":0.0,""4"":0.0,""5"":0.0,""6"":0.0,""7"":0.0,""8"":0.0,""9"":0.0}",200
Italy/Serie B,17,Bari,38,10,10,18,38,60,-22,40,38,0,0.0,0.0,0.0,17,100.0,"{""1"":0.0,""10"":0.0,""11"":0.0,""12"":0.0,""13"":0.0,""14"":0.0,""15"":0.0,""16"":0.0,""17"":100.0,""18"":0.0,""19"":0.0,""2"":0.0,""20"":0.0,""3"":0.0,""4"":0.0,""5"":0.0,""6"":0.0,""7"":0.0,""8"":0.0,""9"":0.0}",200
Italy/Serie B,18,Reggiana,38,9,10,19,36,56,-20,37,38,0,0.0,0.0,100.0,18,100.0,"{""1"":0.0,""10"":0.0,""11"":0.0,""12"":0.0,""13"":0.0,""14"":0.0,""15"":0.0,""16"":0.0,""17"":0.0,""18"":100.0,""19"":0.0,""2"":0.0,""20"":0.0,""3"":0.0,""4"":0.0,""5"":0.0,""6"":0.0,""7"":0.0,""8"":0.0,""9"":0.0}",200
Italy/Serie B,19,Pescara,38,7,14,17,51,66,-15,35,38,0,0.0,0.0,100.0,19,100.0,"{""1"":0.0,""10"":0.0,""11"":0.0,""12"":0.0,""13"":0.0,""14"":0.0,""15"":0.0,""16"":0.0,""17"":0.0,""18"":0.0,""19"":100.0,""2"":0.0,""20"":0.0,""3"":0.0,""4"":0.0,""5"":0.0,""6"":0.0,""7"":0.0,""8"":0.0,""9"":0.0}",200
Italy/Serie B,20,Spezia,38,8,11,19,43,59,-16,35,38,0,0.0,0.0,100.0,20,100.0,"{""1"":0.0,""10"":0.0,""11"":0.0,""12"":0.0,""13"":0.0,""14"":0.0,""15"":0.0,""16"":0.0,""17"":0.0,""18"":0.0,""19"":0.0,""2"":0.0,""20"":100.0,""3"":0.0,""4"":0.0,""5"":0.0,""6"":0.0,""7"":0.0,""8"":0.0,""9"":0.0}",200
Netherlands/Eredivisie,1,PSV Eindhoven,34,27,3,4,101,45,56,84,34,0,100.0,100.0,0.0,1,100.0,"{""1"":100.0,""10"":0.0,""11"":0.0,""12"":0.0,""13"":0.0,""14"":0.0,""15"":0.0,""16"":0.0,""17"":0.0,""18"":0.0,""2"":0.0,""3"":0.0,""4"":0.0,""5"":0.0,""6"":0.0,""7"":0.0,""8"":0.0,""9"":0.0}",200
Netherlands/Eredivisie,2,Feyenoord,34,19,8,7,70,44,26,65,34,0,0.0,100.0,0.0,2,100.0,"{""1"":0.0,""10"":0.0,""11"":0.0,""12"":0.0,""13"":0.0,""14"":0.0,""15"":0.0,""16"":0.0,""17"":0.0,""18"":0.0,""2"":100.0,""3"":0.0,""4"":0.0,""5"":0.0,""6"":0.0,""7"":0.0,""8"":0.0,""9"":0.0}",200
Netherlands/Eredivisie,3,Nijmegen,34,16,11,7,77,53,24,59,34,0,0.0,100.0,0.0,3,100.0,"{""1"":0.0,""10"":0.0,""11"":0.0,""12"":0.0,""13"":0.0,""14"":0.0,""15"":0.0,""16"":0.0,""17"":0.0,""18"":0.0,""2"":0.0,""3"":100.0,""4"":0.0,""5"":0.0,""6"":0.0,""7"":0.0,""8"":0.0,""9"":0.0}",200
Netherlands/Eredivisie,4,Twente,34,15,13,6,59,40,19,58,34,0,0.0,100.0,0.0,4,100.0,"{""1"":0.0,""10"":0.0,""11"":0.0,""12"":0.0,""13"":0.0,""14"":0.0,""15"":0.0,""16"":0.0,""17"":0.0,""18"":0.0,""2"":0.0,""3"":0.0,""4"":100.0,""5"":0.0,""6"":0.0,""7"":0.0,""8"":0.0,""9"":0.0}",200
Netherlands/Eredivisie,5,Ajax,34,14,14,6,62,41,21,56,34,0,0.0,0.0,0.0,5,100.0,"{""1"":0.0,""10"":0.0,""11"":0.0,""12"":0.0,""13"":0.0,""14"":0.0,""15"":0.0,""16"":0.0,""17"":0.0,""18"":0.0,""2"":0.0,""3"":0.0,""4"":0.0,""5"":100.0,""6"":0.0,""7"":0.0,""8"":0.0,""9"":0.0}",200
Netherlands/Eredivisie,6,Utrecht,34,15,8,11,55,42,13,53,34,0,0.0,0.0,0.0,6,100.0,"{""1"":0.0,""10"":0.0,""11"":0.0,""12"":0.0,""13"":0.0,""14"":0.0,""15"":0.0,""16"":0.0,""17"":0.0,""18"":0.0,""2"":0.0,""3"":0.0,""4"":0.0,""5"":0.0,""6"":100.0,""7"":0.0,""8"":0.0,""9"":0.0}",200
Netherlands/Eredivisie,7,AZ Alkmaar,34,14,10,10,58,51,7,52,34,0,0.0,0.0,0.0,7,100.0,"{""1"":0.0,""10"":0.0,""11"":0.0,""12"":0.0,""13"":0.0,""14"":0.0,""15"":0.0,""16"":0.0,""17"":0.0,""18"":0.0,""2"":0.0,""3"":0.0,""4"":0.0,""5"":0.0,""6"":0.0,""7"":100.0,""8"":0.0,""9"":0.0}",200
Netherlands/Eredivisie,8,Heerenveen,34,14,9,11,57,53,4,51,34,0,0.0,0.0,0.0,8,100.0,"{""1"":0.0,""10"":0.0,""11"":0.0,""12"":0.0,""13"":0.0,""14"":0.0,""15"":0.0,""16"":0.0,""17"":0.0,""18"":0.0,""2"":0.0,""3"":0.0,""4"":0.0,""5"":0.0,""6"":0.0,""7"":0.0,""8"":100.0,""9"":0.0}",200
Netherlands/Eredivisie,9,Groningen,34,14,6,14,49,45,4,48,34,0,0.0,0.0,0.0,9,100.0,"{""1"":0.0,""10"":0.0,""11"":0.0,""12"":0.0,""13"":0.0,""14"":0.0,""15"":0.0,""16"":0.0,""17"":0.0,""18"":0.0,""2"":0.0,""3"":0.0,""4"":0.0,""5"":0.0,""6"":0.0,""7"":0.0,""8"":0.0,""9"":100.0}",200
Netherlands/Eredivisie,10,Sparta Rotterdam,34,12,7,15,40,62,-22,43,34,0,0.0,0.0,0.0,10,100.0,"{""1"":0.0,""10"":100.0,""11"":0.0,""12"":0.0,""13"":0.0,""14"":0.0,""15"":0.0,""16"":0.0,""17"":0.0,""18"":0.0,""2"":0.0,""3"":0.0,""4"":0.0,""5"":0.0,""6"":0.0,""7"":0.0,""8"":0.0,""9"":0.0}",200
Netherlands/Eredivisie,11,For Sittard,34,11,6,17,49,63,-14,39,34,0,0.0,0.0,0.0,11,100.0,"{""1"":0.0,""10"":0.0,""11"":100.0,""12"":0.0,""13"":0.0,""14"":0.0,""15"":0.0,""16"":0.0,""17"":0.0,""18"":0.0,""2"":0.0,""3"":0.0,""4"":0.0,""5"":0.0,""6"":0.0,""7"":0.0,""8"":0.0,""9"":0.0}",200
Netherlands/Eredivisie,12,Go Ahead Eagles,34,8,14,12,54,53,1,38,34,0,0.0,0.0,0.0,12,100.0,"{""1"":0.0,""10"":0.0,""11"":0.0,""12"":100.0,""13"":0.0,""14"":0.0,""15"":0.0,""16"":0.0,""17"":0.0,""18"":0.0,""2"":0.0,""3"":0.0,""4"":0.0,""5"":0.0,""6"":0.0,""7"":0.0,""8"":0.0,""9"":0.0}",200
Netherlands/Eredivisie,13,Excelsior,34,10,8,16,43,56,-13,38,34,0,0.0,0.0,0.0,13,100.0,"{""1"":0.0,""10"":0.0,""11"":0.0,""12"":0.0,""13"":100.0,""14"":0.0,""15"":0.0,""16"":0.0,""17"":0.0,""18"":0.0,""2"":0.0,""3"":0.0,""4"":0.0,""5"":0.0,""6"":0.0,""7"":0.0,""8"":0.0,""9"":0.0}",200
Netherlands/Eredivisie,14,Telstar,34,9,10,15,49,55,-6,37,34,0,0.0,0.0,0.0,14,100.0,"{""1"":0.0,""10"":0.0,""11"":0.0,""12"":0.0,""13"":0.0,""14"":100.0,""15"":0.0,""16"":0.0,""17"":0.0,""18"":0.0,""2"":0.0,""3"":0.0,""4"":0.0,""5"":0.0,""6"":0.0,""7"":0.0,""8"":0.0,""9"":0.0}",200
Netherlands/Eredivisie,15,Zwolle,34,9,10,15,44,71,-27,37,34,0,0.0,0.0,0.0,15,100.0,"{""1"":0.0,""10"":0.0,""11"":0.0,""12"":0.0,""13"":0.0,""14"":0.0,""15"":100.0,""16"":0.0,""17"":0.0,""18"":0.0,""2"":0.0,""3"":0.0,""4"":0.0,""5"":0.0,""6"":0.0,""7"":0.0,""8"":0.0,""9"":0.0}",200
Netherlands/Eredivisie,16,Volendam,34,8,8,18,35,55,-20,32,34,0,0.0,0.0,100.0,16,100.0,"{""1"":0.0,""10"":0.0,""11"":0.0,""12"":0.0,""13"":0.0,""14"":0.0,""15"":0.0,""16"":100.0,""17"":0.0,""18"":0.0,""2"":0.0,""3"":0.0,""4"":0.0,""5"":0.0,""6"":0.0,""7"":0.0,""8"":0.0,""9"":0.0}",200
Netherlands/Eredivisie,17,NAC Breda,34,6,11,17,35,58,-23,29,34,0,0.0,0.0,100.0,17,100.0,"{""1"":0.0,""10"":0.0,""11"":0.0,""12"":0.0,""13"":0.0,""14"":0.0,""15"":0.0,""16"":0.0,""17"":100.0,""18"":0.0,""2"":0.0,""3"":0.0,""4"":0.0,""5"":0.0,""6"":0.0,""7"":0.0,""8"":0.0,""9"":0.0}",200
Netherlands/Eredivisie,18,Heracles,34,5,4,25,35,85,-50,19,34,0,0.0,0.0,100.0,18,100.0,"{""1"":0.0,""10"":0.0,""11"":0.0,""12"":0.0,""13"":0.0,""14"":0.0,""15"":0.0,""16"":0.0,""17"":0.0,""18"":100.0,""2"":0.0,""3"":0.0,""4"":0.0,""5"":0.0,""6"":0.0,""7"":0.0,""8"":0.0,""9"":0.0}",200
Portugal/Liga Portugal,1,Porto,34,28,4,2,66,18,48,88,34,0,100.0,100.0,0.0,1,100.0,"{""1"":100.0,""10"":0.0,""11"":0.0,""12"":0.0,""13"":0.0,""14"":0.0,""15"":0.0,""16"":0.0,""17"":0.0,""18"":0.0,""2"":0.0,""3"":0.0,""4"":0.0,""5"":0.0,""6"":0.0,""7"":0.0,""8"":0.0,""9"":0.0}",200
Portugal/Liga Portugal,2,Sp Lisbon,34,25,7,2,89,24,65,82,34,0,0.0,100.0,0.0,2,100.0,"{""1"":0.0,""10"":0.0,""11"":0.0,""12"":0.0,""13"":0.0,""14"":0.0,""15"":0.0,""16"":0.0,""17"":0.0,""18"":0.0,""2"":100.0,""3"":0.0,""4"":0.0,""5"":0.0,""6"":0.0,""7"":0.0,""8"":0.0,""9"":0.0}",200
Portugal/Liga Portugal,3,Benfica,34,23,11,0,74,25,49,80,34,0,0.0,100.0,0.0,3,100.0,"{""1"":0.0,""10"":0.0,""11"":0.0,""12"":0.0,""13"":0.0,""14"":0.0,""15"":0.0,""16"":0.0,""17"":0.0,""18"":0.0,""2"":0.0,""3"":100.0,""4"":0.0,""5"":0.0,""6"":0.0,""7"":0.0,""8"":0.0,""9"":0.0}",200
Portugal/Liga Portugal,4,Sp Braga,34,16,11,7,64,36,28,59,34,0,0.0,100.0,0.0,4,100.0,"{""1"":0.0,""10"":0.0,""11"":0.0,""12"":0.0,""13"":0.0,""14"":0.0,""15"":0.0,""16"":0.0,""17"":0.0,""18"":0.0,""2"":0.0,""3"":0.0,""4"":100.0,""5"":0.0,""6"":0.0,""7"":0.0,""8"":0.0,""9"":0.0}",200
Portugal/Liga Portugal,5,Famalicao,34,15,11,8,42,29,13,56,34,0,0.0,0.0,0.0,5,100.0,"{""1"":0.0,""10"":0.0,""11"":0.0,""12"":0.0,""13"":0.0,""14"":0.0,""15"":0.0,""16"":0.0,""17"":0.0,""18"":0.0,""2"":0.0,""3"":0.0,""4"":0.0,""5"":100.0,""6"":0.0,""7"":0.0,""8"":0.0,""9"":0.0}",200
Portugal/Liga Portugal,6,Gil Vicente,34,13,11,10,47,38,9,50,34,0,0.0,0.0,0.0,6,100.0,"{""1"":0.0,""10"":0.0,""11"":0.0,""12"":0.0,""13"":0.0,""14"":0.0,""15"":0.0,""16"":0.0,""17"":0.0,""18"":0.0,""2"":0.0,""3"":0.0,""4"":0.0,""5"":0.0,""6"":100.0,""7"":0.0,""8"":0.0,""9"":0.0}",200
Portugal/Liga Portugal,7,Moreirense,34,12,7,15,37,49,-12,43,34,0,0.0,0.0,0.0,7,100.0,"{""1"":0.0,""10"":0.0,""11"":0.0,""12"":0.0,""13"":0.0,""14"":0.0,""15"":0.0,""16"":0.0,""17"":0.0,""18"":0.0,""2"":0.0,""3"":0.0,""4"":0.0,""5"":0.0,""6"":0.0,""7"":100.0,""8"":0.0,""9"":0.0}",200
Portugal/Liga Portugal,8,Guimaraes,34,12,6,16,39,51,-12,42,34,0,0.0,0.0,0.0,8,100.0,"{""1"":0.0,""10"":0.0,""11"":0.0,""12"":0.0,""13"":0.0,""14"":0.0,""15"":0.0,""16"":0.0,""17"":0.0,""18"":0.0,""2"":0.0,""3"":0.0,""4"":0.0,""5"":0.0,""6"":0.0,""7"":0.0,""8"":100.0,""9"":0.0}",200
Portugal/Liga Portugal,9,Arouca,34,12,6,16,47,64,-17,42,34,0,0.0,0.0,0.0,9,100.0,"{""1"":0.0,""10"":0.0,""11"":0.0,""12"":0.0,""13"":0.0,""14"":0.0,""15"":0.0,""16"":0.0,""17"":0.0,""18"":0.0,""2"":0.0,""3"":0.0,""4"":0.0,""5"":0.0,""6"":0.0,""7"":0.0,""8"":0.0,""9"":100.0}",200
Portugal/Liga Portugal,10,Estoril,34,10,9,15,54,57,-3,39,34,0,0.0,0.0,0.0,10,100.0,"{""1"":0.0,""10"":100.0,""11"":0.0,""12"":0.0,""13"":0.0,""14"":0.0,""15"":0.0,""16"":0.0,""17"":0.0,""18"":0.0,""2"":0.0,""3"":0.0,""4"":0.0,""5"":0.0,""6"":0.0,""7"":0.0,""8"":0.0,""9"":0.0}",200
Portugal/Liga Portugal,11,Alverca,34,10,9,15,35,52,-17,39,34,0,0.0,0.0,0.0,11,100.0,"{""1"":0.0,""10"":0.0,""11"":100.0,""12"":0.0,""13"":0.0,""14"":0.0,""15"":0.0,""16"":0.0,""17"":0.0,""18"":0.0,""2"":0.0,""3"":0.0,""4"":0.0,""5"":0.0,""6"":0.0,""7"":0.0,""8"":0.0,""9"":0.0}",200
Portugal/Liga Portugal,12,Santa Clara,34,9,9,16,32,41,-9,36,34,0,0.0,0.0,0.0,12,100.0,"{""1"":0.0,""10"":0.0,""11"":0.0,""12"":100.0,""13"":0.0,""14"":0.0,""15"":0.0,""16"":0.0,""17"":0.0,""18"":0.0,""2"":0.0,""3"":0.0,""4"":0.0,""5"":0.0,""6"":0.0,""7"":0.0,""8"":0.0,""9"":0.0}",200
Portugal/Liga Portugal,13,Rio Ave,34,8,12,14,35,57,-22,36,34,0,0.0,0.0,0.0,13,100.0,"{""1"":0.0,""10"":0.0,""11"":0.0,""12"":0.0,""13"":100.0,""14"":0.0,""15"":0.0,""16"":0.0,""17"":0.0,""18"":0.0,""2"":0.0,""3"":0.0,""4"":0.0,""5"":0.0,""6"":0.0,""7"":0.0,""8"":0.0,""9"":0.0}",200
Portugal/Liga Portugal,14,Nacional,34,9,7,18,37,45,-8,34,34,0,0.0,0.0,0.0,14,100.0,"{""1"":0.0,""10"":0.0,""11"":0.0,""12"":0.0,""13"":0.0,""14"":100.0,""15"":0.0,""16"":0.0,""17"":0.0,""18"":0.0,""2"":0.0,""3"":0.0,""4"":0.0,""5"":0.0,""6"":0.0,""7"":0.0,""8"":0.0,""9"":0.0}",200
Portugal/Liga Portugal,15,Estrela,34,6,12,16,38,56,-18,30,34,0,0.0,0.0,0.0,15,100.0,"{""1"":0.0,""10"":0.0,""11"":0.0,""12"":0.0,""13"":0.0,""14"":0.0,""15"":100.0,""16"":0.0,""17"":0.0,""18"":0.0,""2"":0.0,""3"":0.0,""4"":0.0,""5"":0.0,""6"":0.0,""7"":0.0,""8"":0.0,""9"":0.0}",200
Portugal/Liga Portugal,16,Casa Pia,34,6,12,16,31,57,-26,30,34,0,0.0,0.0,100.0,16,100.0,"{""1"":0.0,""10"":0.0,""11"":0.0,""12"":0.0,""13"":0.0,""14"":0.0,""15"":0.0,""16"":100.0,""17"":0.0,""18"":0.0,""2"":0.0,""3"":0.0,""4"":0.0,""5"":0.0,""6"":0.0,""7"":0.0,""8"":0.0,""9"":0.0}",200
Portugal/Liga Portugal,17,Tondela,34,6,10,18,27,55,-28,28,34,0,0.0,0.0,100.0,17,100.0,"{""1"":0.0,""10"":0.0,""11"":0.0,""12"":0.0,""13"":0.0,""14"":0.0,""15"":0.0,""16"":0.0,""17"":100.0,""18"":0.0,""2"":0.0,""3"":0.0,""4"":0.0,""5"":0.0,""6"":0.0,""7"":0.0,""8"":0.0,""9"":0.0}",200
Portugal/Liga Portugal,18,AVS,34,3,12,19,27,67,-40,21,34,0,0.0,0.0,100.0,18,100.0,"{""1"":0.0,""10"":0.0,""11"":0.0,""12"":0.0,""13"":0.0,""14"":0.0,""15"":0.0,""16"":0.0,""17"":0.0,""18"":100.0,""2"":0.0,""3"":0.0,""4"":0.0,""5"":0.0,""6"":0.0,""7"":0.0,""8"":0.0,""9"":0.0}",200
Scotland/Premiership,1,Celtic,38,26,4,8,73,41,32,82,38,0,100.0,100.0,0.0,1,100.0,"{""1"":100.0,""10"":0.0,""11"":0.0,""12"":0.0,""2"":0.0,""3"":0.0,""4"":0.0,""5"":0.0,""6"":0.0,""7"":0.0,""8"":0.0,""9"":0.0}",200
Scotland/Premiership,2,Hearts,38,24,8,6,67,34,33,80,38,0,0.0,100.0,0.0,2,100.0,"{""1"":0.0,""10"":0.0,""11"":0.0,""12"":0.0,""2"":100.0,""3"":0.0,""4"":0.0,""5"":0.0,""6"":0.0,""7"":0.0,""8"":0.0,""9"":0.0}",200
Scotland/Premiership,3,Rangers,38,20,12,6,76,43,33,72,38,0,0.0,100.0,0.0,3,100.0,"{""1"":0.0,""10"":0.0,""11"":0.0,""12"":0.0,""2"":0.0,""3"":100.0,""4"":0.0,""5"":0.0,""6"":0.0,""7"":0.0,""8"":0.0,""9"":0.0}",200
Scotland/Premiership,4,Motherwell,38,16,13,9,59,36,23,61,38,0,0.0,100.0,0.0,4,100.0,"{""1"":0.0,""10"":0.0,""11"":0.0,""12"":0.0,""2"":0.0,""3"":0.0,""4"":100.0,""5"":0.0,""6"":0.0,""7"":0.0,""8"":0.0,""9"":0.0}",200
Scotland/Premiership,5,Hibernian,38,15,12,11,58,44,14,57,38,0,0.0,0.0,0.0,5,100.0,"{""1"":0.0,""10"":0.0,""11"":0.0,""12"":0.0,""2"":0.0,""3"":0.0,""4"":0.0,""5"":100.0,""6"":0.0,""7"":0.0,""8"":0.0,""9"":0.0}",200
Scotland/Premiership,6,Falkirk,38,14,7,17,50,62,-12,49,38,0,0.0,0.0,0.0,6,100.0,"{""1"":0.0,""10"":0.0,""11"":0.0,""12"":0.0,""2"":0.0,""3"":0.0,""4"":0.0,""5"":0.0,""6"":100.0,""7"":0.0,""8"":0.0,""9"":0.0}",200
Scotland/Premiership,7,Dundee United,38,10,15,13,49,60,-11,45,38,0,0.0,0.0,0.0,7,100.0,"{""1"":0.0,""10"":0.0,""11"":0.0,""12"":0.0,""2"":0.0,""3"":0.0,""4"":0.0,""5"":0.0,""6"":0.0,""7"":100.0,""8"":0.0,""9"":0.0}",200
Scotland/Premiership,8,Dundee,38,11,9,18,42,61,-19,42,38,0,0.0,0.0,0.0,8,100.0,"{""1"":0.0,""10"":0.0,""11"":0.0,""12"":0.0,""2"":0.0,""3"":0.0,""4"":0.0,""5"":0.0,""6"":0.0,""7"":0.0,""8"":100.0,""9"":0.0}",200
Scotland/Premiership,9,Aberdeen,38,11,7,20,40,55,-15,40,38,0,0.0,0.0,0.0,9,100.0,"{""1"":0.0,""10"":0.0,""11"":0.0,""12"":0.0,""2"":0.0,""3"":0.0,""4"":0.0,""5"":0.0,""6"":0.0,""7"":0.0,""8"":0.0,""9"":100.0}",200
Scotland/Premiership,10,Kilmarnock,38,10,10,18,50,68,-18,40,38,0,0.0,0.0,100.0,10,100.0,"{""1"":0.0,""10"":100.0,""11"":0.0,""12"":0.0,""2"":0.0,""3"":0.0,""4"":0.0,""5"":0.0,""6"":0.0,""7"":0.0,""8"":0.0,""9"":0.0}",200
Scotland/Premiership,11,St Mirren,38,8,10,20,30,55,-25,34,38,0,0.0,0.0,100.0,11,100.0,"{""1"":0.0,""10"":0.0,""11"":100.0,""12"":0.0,""2"":0.0,""3"":0.0,""4"":0.0,""5"":0.0,""6"":0.0,""7"":0.0,""8"":0.0,""9"":0.0}",200
Scotland/Premiership,12,Livingston,38,2,15,21,40,75,-35,21,38,0,0.0,0.0,100.0,12,100.0,"{""1"":0.0,""10"":0.0,""11"":0.0,""12"":100.0,""2"":0.0,""3"":0.0,""4"":0.0,""5"":0.0,""6"":0.0,""7"":0.0,""8"":0.0,""9"":0.0}",200
Spain/La Liga,1,Barcelona,38,31,1,6,95,36,59,94,38,0,100.0,100.0,0.0,1,100.0,"{""1"":100.0,""10"":0.0,""11"":0.0,""12"":0.0,""13"":0.0,""14"":0.0,""15"":0.0,""16"":0.0,""17"":0.0,""18"":0.0,""19"":0.0,""2"":0.0,""20"":0.0,""3"":0.0,""4"":0.0,""5"":0.0,""6"":0.0,""7"":0.0,""8"":0.0,""9"":0.0}",200
Spain/La Liga,2,Real Madrid,38,27,5,6,77,35,42,86,38,0,0.0,100.0,0.0,2,100.0,"{""1"":0.0,""10"":0.0,""11"":0.0,""12"":0.0,""13"":0.0,""14"":0.0,""15"":0.0,""16"":0.0,""17"":0.0,""18"":0.0,""19"":0.0,""2"":100.0,""20"":0.0,""3"":0.0,""4"":0.0,""5"":0.0,""6"":0.0,""7"":0.0,""8"":0.0,""9"":0.0}",200
Spain/La Liga,3,Villarreal,38,22,6,10,72,46,26,72,38,0,0.0,100.0,0.0,3,100.0,"{""1"":0.0,""10"":0.0,""11"":0.0,""12"":0.0,""13"":0.0,""14"":0.0,""15"":0.0,""16"":0.0,""17"":0.0,""18"":0.0,""19"":0.0,""2"":0.0,""20"":0.0,""3"":100.0,""4"":0.0,""5"":0.0,""6"":0.0,""7"":0.0,""8"":0.0,""9"":0.0}",200
Spain/La Liga,4,Ath Madrid,38,21,6,11,62,44,18,69,38,0,0.0,100.0,0.0,4,100.0,"{""1"":0.0,""10"":0.0,""11"":0.0,""12"":0.0,""13"":0.0,""14"":0.0,""15"":0.0,""16"":0.0,""17"":0.0,""18"":0.0,""19"":0.0,""2"":0.0,""20"":0.0,""3"":0.0,""4"":100.0,""5"":0.0,""6"":0.0,""7"":0.0,""8"":0.0,""9"":0.0}",200
Spain/La Liga,5,Betis,38,15,15,8,59,48,11,60,38,0,0.0,0.0,0.0,5,100.0,"{""1"":0.0,""10"":0.0,""11"":0.0,""12"":0.0,""13"":0.0,""14"":0.0,""15"":0.0,""16"":0.0,""17"":0.0,""18"":0.0,""19"":0.0,""2"":0.0,""20"":0.0,""3"":0.0,""4"":0.0,""5"":100.0,""6"":0.0,""7"":0.0,""8"":0.0,""9"":0.0}",200
Spain/La Liga,6,Celta,38,14,12,12,53,48,5,54,38,0,0.0,0.0,0.0,6,100.0,"{""1"":0.0,""10"":0.0,""11"":0.0,""12"":0.0,""13"":0.0,""14"":0.0,""15"":0.0,""16"":0.0,""17"":0.0,""18"":0.0,""19"":0.0,""2"":0.0,""20"":0.0,""3"":0.0,""4"":0.0,""5"":0.0,""6"":100.0,""7"":0.0,""8"":0.0,""9"":0.0}",200
Spain/La Liga,7,Getafe,38,15,6,17,32,38,-6,51,38,0,0.0,0.0,0.0,7,100.0,"{""1"":0.0,""10"":0.0,""11"":0.0,""12"":0.0,""13"":0.0,""14"":0.0,""15"":0.0,""16"":0.0,""17"":0.0,""18"":0.0,""19"":0.0,""2"":0.0,""20"":0.0,""3"":0.0,""4"":0.0,""5"":0.0,""6"":0.0,""7"":100.0,""8"":0.0,""9"":0.0}",200
Spain/La Liga,8,Vallecano,38,12,14,12,41,44,-3,50,38,0,0.0,0.0,0.0,8,100.0,"{""1"":0.0,""10"":0.0,""11"":0.0,""12"":0.0,""13"":0.0,""14"":0.0,""15"":0.0,""16"":0.0,""17"":0.0,""18"":0.0,""19"":0.0,""2"":0.0,""20"":0.0,""3"":0.0,""4"":0.0,""5"":0.0,""6"":0.0,""7"":0.0,""8"":100.0,""9"":0.0}",200
Spain/La Liga,9,Valencia,38,13,10,15,46,55,-9,49,38,0,0.0,0.0,0.0,9,100.0,"{""1"":0.0,""10"":0.0,""11"":0.0,""12"":0.0,""13"":0.0,""14"":0.0,""15"":0.0,""16"":0.0,""17"":0.0,""18"":0.0,""19"":0.0,""2"":0.0,""20"":0.0,""3"":0.0,""4"":0.0,""5"":0.0,""6"":0.0,""7"":0.0,""8"":0.0,""9"":100.0}",200
Spain/La Liga,10,Sociedad,38,11,13,14,59,61,-2,46,38,0,0.0,0.0,0.0,10,100.0,"{""1"":0.0,""10"":100.0,""11"":0.0,""12"":0.0,""13"":0.0,""14"":0.0,""15"":0.0,""16"":0.0,""17"":0.0,""18"":0.0,""19"":0.0,""2"":0.0,""20"":0.0,""3"":0.0,""4"":0.0,""5"":0.0,""6"":0.0,""7"":0.0,""8"":0.0,""9"":0.0}",200
Spain/La Liga,11,Espanol,38,12,10,16,43,55,-12,46,38,0,0.0,0.0,0.0,11,100.0,"{""1"":0.0,""10"":0.0,""11"":100.0,""12"":0.0,""13"":0.0,""14"":0.0,""15"":0.0,""16"":0.0,""17"":0.0,""18"":0.0,""19"":0.0,""2"":0.0,""20"":0.0,""3"":0.0,""4"":0.0,""5"":0.0,""6"":0.0,""7"":0.0,""8"":0.0,""9"":0.0}",200
Spain/La Liga,12,Ath Bilbao,38,13,6,19,43,58,-15,45,38,0,0.0,0.0,0.0,12,100.0,"{""1"":0.0,""10"":0.0,""11"":0.0,""12"":100.0,""13"":0.0,""14"":0.0,""15"":0.0,""16"":0.0,""17"":0.0,""18"":0.0,""19"":0.0,""2"":0.0,""20"":0.0,""3"":0.0,""4"":0.0,""5"":0.0,""6"":0.0,""7"":0.0,""8"":0.0,""9"":0.0}",200
Spain/La Liga,13,Elche,38,10,13,15,49,57,-8,43,38,0,0.0,0.0,0.0,13,100.0,"{""1"":0.0,""10"":0.0,""11"":0.0,""12"":0.0,""13"":100.0,""14"":0.0,""15"":0.0,""16"":0.0,""17"":0.0,""18"":0.0,""19"":0.0,""2"":0.0,""20"":0.0,""3"":0.0,""4"":0.0,""5"":0.0,""6"":0.0,""7"":0.0,""8"":0.0,""9"":0.0}",200
Spain/La Liga,14,Alaves,38,11,10,17,44,56,-12,43,38,0,0.0,0.0,0.0,14,100.0,"{""1"":0.0,""10"":0.0,""11"":0.0,""12"":0.0,""13"":0.0,""14"":100.0,""15"":0.0,""16"":0.0,""17"":0.0,""18"":0.0,""19"":0.0,""2"":0.0,""20"":0.0,""3"":0.0,""4"":0.0,""5"":0.0,""6"":0.0,""7"":0.0,""8"":0.0,""9"":0.0}",200
Spain/La Liga,15,Sevilla,38,12,7,19,46,60,-14,43,38,0,0.0,0.0,0.0,15,100.0,"{""1"":0.0,""10"":0.0,""11"":0.0,""12"":0.0,""13"":0.0,""14"":0.0,""15"":100.0,""16"":0.0,""17"":0.0,""18"":0.0,""19"":0.0,""2"":0.0,""20"":0.0,""3"":0.0,""4"":0.0,""5"":0.0,""6"":0.0,""7"":0.0,""8"":0.0,""9"":0.0}",200
Spain/La Liga,16,Osasuna,38,11,9,18,44,50,-6,42,38,0,0.0,0.0,0.0,16,100.0,"{""1"":0.0,""10"":0.0,""11"":0.0,""12"":0.0,""13"":0.0,""14"":0.0,""15"":0.0,""16"":100.0,""17"":0.0,""18"":0.0,""19"":0.0,""2"":0.0,""20"":0.0,""3"":0.0,""4"":0.0,""5"":0.0,""6"":0.0,""7"":0.0,""8"":0.0,""9"":0.0}",200
Spain/La Liga,17,Mallorca,38,11,9,18,47,57,-10,42,38,0,0.0,0.0,0.0,17,100.0,"{""1"":0.0,""10"":0.0,""11"":0.0,""12"":0.0,""13"":0.0,""14"":0.0,""15"":0.0,""16"":0.0,""17"":100.0,""18"":0.0,""19"":0.0,""2"":0.0,""20"":0.0,""3"":0.0,""4"":0.0,""5"":0.0,""6"":0.0,""7"":0.0,""8"":0.0,""9"":0.0}",200
Spain/La Liga,18,Levante,38,11,9,18,47,61,-14,42,38,0,0.0,0.0,100.0,18,100.0,"{""1"":0.0,""10"":0.0,""11"":0.0,""12"":0.0,""13"":0.0,""14"":0.0,""15"":0.0,""16"":0.0,""17"":0.0,""18"":100.0,""19"":0.0,""2"":0.0,""20"":0.0,""3"":0.0,""4"":0.0,""5"":0.0,""6"":0.0,""7"":0.0,""8"":0.0,""9"":0.0}",200
Spain/La Liga,19,Girona,38,9,14,15,39,55,-16,41,38,0,0.0,0.0,100.0,19,100.0,"{""1"":0.0,""10"":0.0,""11"":0.0,""12"":0.0,""13"":0.0,""14"":0.0,""15"":0.0,""16"":0.0,""17"":0.0,""18"":0.0,""19"":100.0,""2"":0.0,""20"":0.0,""3"":0.0,""4"":0.0,""5"":0.0,""6"":0.0,""7"":0.0,""8"":0.0,""9"":0.0}",200
Spain/La Liga,20,Oviedo,38,6,11,21,26,60,-34,29,38,0,0.0,0.0,100.0,20,100.0,"{""1"":0.0,""10"":0.0,""11"":0.0,""12"":0.0,""13"":0.0,""14"":0.0,""15"":0.0,""16"":0.0,""17"":0.0,""18"":0.0,""19"":0.0,""2"":0.0,""20"":100.0,""3"":0.0,""4"":0.0,""5"":0.0,""6"":0.0,""7"":0.0,""8"":0.0,""9"":0.0}",200
Spain/La Liga 2,1,Santander,42,24,7,10,89,63,26,81,41,1,84.5,100.0,0.0,1,84.5,"{""1"":84.5,""10"":0.0,""11"":0.0,""12"":0.0,""13"":0.0,""14"":0.0,""15"":0.0,""16"":0.0,""17"":0.0,""18"":0.0,""19"":0.0,""2"":15.5,""20"":0.0,""21"":0.0,""22"":0.0,""3"":0.0,""4"":0.0,""5"":0.0,""6"":0.0,""7"":0.0,""8"":0.0,""9"":0.0}",200
Spain/La Liga 2,2,La Coruna,42,23,11,8,66,44,22,79,41,1,15.5,100.0,0.0,2,84.5,"{""1"":15.5,""10"":0.0,""11"":0.0,""12"":0.0,""13"":0.0,""14"":0.0,""15"":0.0,""16"":0.0,""17"":0.0,""18"":0.0,""19"":0.0,""2"":84.5,""20"":0.0,""21"":0.0,""22"":0.0,""3"":0.0,""4"":0.0,""5"":0.0,""6"":0.0,""7"":0.0,""8"":0.0,""9"":0.0}",200
Spain/La Liga 2,3,Almeria,42,21,8,12,83,66,17,72,41,1,0.0,68.5,0.0,3,49.0,"{""1"":0.0,""10"":0.0,""11"":0.0,""12"":0.0,""13"":0.0,""14"":0.0,""15"":0.0,""16"":0.0,""17"":0.0,""18"":0.0,""19"":0.0,""2"":0.0,""20"":0.0,""21"":0.0,""22"":0.0,""3"":49.0,""4"":19.5,""5"":15.5,""6"":13.5,""7"":2.5,""8"":0.0,""9"":0.0}",200
Spain/La Liga 2,4,Malaga,42,20,10,11,75,54,21,71,41,1,0.0,58.0,0.0,4,29.5,"{""1"":0.0,""10"":0.0,""11"":0.0,""12"":0.0,""13"":0.0,""14"":0.0,""15"":0.0,""16"":0.0,""17"":0.0,""18"":0.0,""19"":0.0,""2"":0.0,""20"":0.0,""21"":0.0,""22"":0.0,""3"":28.5,""4"":29.5,""5"":19.0,""6"":18.0,""7"":5.0,""8"":0.0,""9"":0.0}",200
Spain/La Liga 2,5,Castellon,42,19,12,10,71,53,18,71,41,1,0.0,27.5,0.0,5,29.0,"{""1"":0.0,""10"":0.0,""11"":0.0,""12"":0.0,""13"":0.0,""14"":0.0,""15"":0.0,""16"":0.0,""17"":0.0,""18"":0.0,""19"":0.0,""2"":0.0,""20"":0.0,""21"":0.0,""22"":0.0,""3"":8.5,""4"":19.0,""5"":29.0,""6"":11.5,""7"":15.0,""8"":17.0,""9"":0.0}",200
Spain/La Liga 2,6,Las Palmas,42,19,13,10,57,41,16,71,41,1,0.0,26.0,0.0,6,34.5,"{""1"":0.0,""10"":0.0,""11"":0.0,""12"":0.0,""13"":0.0,""14"":0.0,""15"":0.0,""16"":0.0,""17"":0.0,""18"":0.0,""19"":0.0,""2"":0.0,""20"":0.0,""21"":0.0,""22"":0.0,""3"":8.0,""4"":18.0,""5"":19.0,""6"":34.5,""7"":20.5,""8"":0.0,""9"":0.0}",200
Spain/La Liga 2,7,Burgos,42,19,12,10,49,35,14,71,41,1,0.0,20.0,0.0,7,46.0,"{""1"":0.0,""10"":0.0,""11"":0.0,""12"":0.0,""13"":0.0,""14"":0.0,""15"":0.0,""16"":0.0,""17"":0.0,""18"":0.0,""19"":0.0,""2"":0.0,""20"":0.0,""21"":0.0,""22"":0.0,""3"":6.0,""4"":14.0,""5"":17.5,""6"":9.5,""7"":46.0,""8"":7.0,""9"":0.0}",200
Spain/La Liga 2,8,Eibar,42,19,10,12,54,41,13,68,41,1,0.0,0.0,0.0,8,76.0,"{""1"":0.0,""10"":0.0,""11"":0.0,""12"":0.0,""13"":0.0,""14"":0.0,""15"":0.0,""16"":0.0,""17"":0.0,""18"":0.0,""19"":0.0,""2"":0.0,""20"":0.0,""21"":0.0,""22"":0.0,""3"":0.0,""4"":0.0,""5"":0.0,""6"":13.0,""7"":11.0,""8"":76.0,""9"":0.0}",200
Spain/La Liga 2,9,Cordoba,42,17,9,16,59,63,-4,61,41,1,0.0,0.0,0.0,9,38.5,"{""1"":0.0,""10"":31.5,""11"":25.0,""12"":5.0,""13"":0.0,""14"":0.0,""15"":0.0,""16"":0.0,""17"":0.0,""18"":0.0,""19"":0.0,""2"":0.0,""20"":0.0,""21"":0.0,""22"":0.0,""3"":0.0,""4"":0.0,""5"":0.0,""6"":0.0,""7"":0.0,""8"":0.0,""9"":38.5}",200
Spain/La Liga 2,10,Albacete,42,16,12,14,58,56,2,60,41,1,0.0,0.0,0.0,9,31.5,"{""1"":0.0,""10"":31.5,""11"":18.0,""12"":13.0,""13"":6.0,""14"":0.0,""15"":0.0,""16"":0.0,""17"":0.0,""18"":0.0,""19"":0.0,""2"":0.0,""20"":0.0,""21"":0.0,""22"":0.0,""3"":0.0,""4"":0.0,""5"":0.0,""6"":0.0,""7"":0.0,""8"":0.0,""9"":31.5}",200
Spain/La Liga 2,11,Andorra,42,16,10,15,64,55,9,59,41,1,0.0,0.0,0.0,11,27.0,"{""1"":0.0,""10"":9.0,""11"":27.0,""12"":26.0,""13"":23.0,""14"":0.0,""15"":0.0,""16"":0.0,""17"":0.0,""18"":0.0,""19"":0.0,""2"":0.0,""20"":0.0,""21"":0.0,""22"":0.0,""3"":0.0,""4"":0.0,""5"":0.0,""6"":0.0,""7"":0.0,""8"":0.0,""9"":15.0}",200
Spain/La Liga 2,12,Sp Gijon,42,17,7,17,60,55,5,59,41,1,0.0,0.0,0.0,13,32.0,"{""1"":0.0,""10"":16.0,""11"":13.5,""12"":26.0,""13"":32.0,""14"":0.0,""15"":0.0,""16"":0.0,""17"":0.0,""18"":0.0,""19"":0.0,""2"":0.0,""20"":0.0,""21"":0.0,""22"":0.0,""3"":0.0,""4"":0.0,""5"":0.0,""6"":0.0,""7"":0.0,""8"":0.0,""9"":12.5}",200
Spain/La Liga 2,13,Ceuta,42,16,11,15,52,65,-13,59,41,1,0.0,0.0,0.0,13,39.0,"{""1"":0.0,""10"":12.0,""11"":16.5,""12"":30.0,""13"":39.0,""14"":0.0,""15"":0.0,""16"":0.0,""17"":0.0,""18"":0.0,""19"":0.0,""2"":0.0,""20"":0.0,""21"":0.0,""22"":0.0,""3"":0.0,""4"":0.0,""5"":0.0,""6"":0.0,""7"":0.0,""8"":0.0,""9"":2.5}",200
Spain/La Liga 2,14,Granada,42,12,12,17,51,56,-5,50,41,1,0.0,0.0,0.0,14,86.0,"{""1"":0.0,""10"":0.0,""11"":0.0,""12"":0.0,""13"":0.0,""14"":86.0,""15"":12.5,""16"":1.5,""17"":0.0,""18"":0.0,""19"":0.0,""2"":0.0,""20"":0.0,""21"":0.0,""22"":0.0,""3"":0.0,""4"":0.0,""5"":0.0,""6"":0.0,""7"":0.0,""8"":0.0,""9"":0.0}",200
Spain/La Liga 2,15,Sociedad B,42,12,11,19,52,61,-9,47,41,1,0.0,0.0,0.0,15,52.0,"{""1"":0.0,""10"":0.0,""11"":0.0,""12"":0.0,""13"":0.0,""14"":4.5,""15"":52.0,""16"":34.5,""17"":9.0,""18"":0.0,""19"":0.0,""2"":0.0,""20"":0.0,""21"":0.0,""22"":0.0,""3"":0.0,""4"":0.0,""5"":0.0,""6"":0.0,""7"":0.0,""8"":0.0,""9"":0.0}",200
Spain/La Liga 2,16,Valladolid,42,12,10,19,47,59,-12,47,41,1,0.0,0.0,0.0,16,36.0,"{""1"":0.0,""10"":0.0,""11"":0.0,""12"":0.0,""13"":0.0,""14"":9.5,""15"":28.0,""16"":36.0,""17"":26.5,""18"":0.0,""19"":0.0,""2"":0.0,""20"":0.0,""21"":0.0,""22"":0.0,""3"":0.0,""4"":0.0,""5"":0.0,""6"":0.0,""7"":0.0,""8"":0.0,""9"":0.0}",200
Spain/La Liga 2,17,Leganes,42,11,13,18,44,53,-9,45,41,1,0.0,0.0,0.0,17,47.0,"{""1"":0.0,""10"":0.0,""11"":0.0,""12"":0.0,""13"":0.0,""14"":0.0,""15"":7.5,""16"":28.0,""17"":47.0,""18"":17.5,""19"":0.0,""2"":0.0,""20"":0.0,""21"":0.0,""22"":0.0,""3"":0.0,""4"":0.0,""5"":0.0,""6"":0.0,""7"":0.0,""8"":0.0,""9"":0.0}",200
Spain/La Liga 2,18,Cadiz,42,11,10,20,43,60,-17,44,41,1,0.0,0.0,0.0,18,82.5,"{""1"":0.0,""10"":0.0,""11"":0.0,""12"":0.0,""13"":0.0,""14"":0.0,""15"":0.0,""16"":0.0,""17"":17.5,""18"":82.5,""19"":0.0,""2"":0.0,""20"":0.0,""21"":0.0,""22"":0.0,""3"":0.0,""4"":0.0,""5"":0.0,""6"":0.0,""7"":0.0,""8"":0.0,""9"":0.0}",200
Spain/La Liga 2,19,Mirandes,42,10,10,22,49,70,-21,41,41,1,0.0,0.0,31.5,19,68.5,"{""1"":0.0,""10"":0.0,""11"":0.0,""12"":0.0,""13"":0.0,""14"":0.0,""15"":0.0,""16"":0.0,""17"":0.0,""18"":0.0,""19"":68.5,""2"":0.0,""20"":31.5,""21"":0.0,""22"":0.0,""3"":0.0,""4"":0.0,""5"":0.0,""6"":0.0,""7"":0.0,""8"":0.0,""9"":0.0}",200
Spain/La Liga 2,20,Huesca,42,10,10,22,43,65,-22,39,41,1,0.0,0.0,68.5,20,39.5,"{""1"":0.0,""10"":0.0,""11"":0.0,""12"":0.0,""13"":0.0,""14"":0.0,""15"":0.0,""16"":0.0,""17"":0.0,""18"":0.0,""19"":31.5,""2"":0.0,""20"":39.5,""21"":22.5,""22"":6.5,""3"":0.0,""4"":0.0,""5"":0.0,""6"":0.0,""7"":0.0,""8"":0.0,""9"":0.0}",200
Spain/La Liga 2,21,Zaragoza,42,8,12,21,37,59,-22,37,41,1,0.0,0.0,100.0,21,44.5,"{""1"":0.0,""10"":0.0,""11"":0.0,""12"":0.0,""13"":0.0,""14"":0.0,""15"":0.0,""16"":0.0,""17"":0.0,""18"":0.0,""19"":0.0,""2"":0.0,""20"":21.5,""21"":44.5,""22"":34.0,""3"":0.0,""4"":0.0,""5"":0.0,""6"":0.0,""7"":0.0,""8"":0.0,""9"":0.0}",200
Spain/La Liga 2,22,Cultural Leonesa,42,9,10,23,39,68,-29,37,41,1,0.0,0.0,100.0,22,59.5,"{""1"":0.0,""10"":0.0,""11"":0.0,""12"":0.0,""13"":0.0,""14"":0.0,""15"":0.0,""16"":0.0,""17"":0.0,""18"":0.0,""19"":0.0,""2"":0.0,""20"":7.5,""21"":33.0,""22"":59.5,""3"":0.0,""4"":0.0,""5"":0.0,""6"":0.0,""7"":0.0,""8"":0.0,""9"":0.0}",200
Turkey/Super Lig,1,Galatasaray,34,24,5,5,77,30,47,77,34,0,100.0,100.0,0.0,1,100.0,"{""1"":100.0,""10"":0.0,""11"":0.0,""12"":0.0,""13"":0.0,""14"":0.0,""15"":0.0,""16"":0.0,""17"":0.0,""18"":0.0,""2"":0.0,""3"":0.0,""4"":0.0,""5"":0.0,""6"":0.0,""7"":0.0,""8"":0.0,""9"":0.0}",200
Turkey/Super Lig,2,Fenerbahce,34,21,11,2,77,37,40,74,34,0,0.0,100.0,0.0,2,100.0,"{""1"":0.0,""10"":0.0,""11"":0.0,""12"":0.0,""13"":0.0,""14"":0.0,""15"":0.0,""16"":0.0,""17"":0.0,""18"":0.0,""2"":100.0,""3"":0.0,""4"":0.0,""5"":0.0,""6"":0.0,""7"":0.0,""8"":0.0,""9"":0.0}",200
Turkey/Super Lig,3,Trabzonspor,34,20,9,5,61,39,22,69,34,0,0.0,100.0,0.0,3,100.0,"{""1"":0.0,""10"":0.0,""11"":0.0,""12"":0.0,""13"":0.0,""14"":0.0,""15"":0.0,""16"":0.0,""17"":0.0,""18"":0.0,""2"":0.0,""3"":100.0,""4"":0.0,""5"":0.0,""6"":0.0,""7"":0.0,""8"":0.0,""9"":0.0}",200
Turkey/Super Lig,4,Besiktas,34,17,9,8,59,40,19,60,34,0,0.0,100.0,0.0,4,100.0,"{""1"":0.0,""10"":0.0,""11"":0.0,""12"":0.0,""13"":0.0,""14"":0.0,""15"":0.0,""16"":0.0,""17"":0.0,""18"":0.0,""2"":0.0,""3"":0.0,""4"":100.0,""5"":0.0,""6"":0.0,""7"":0.0,""8"":0.0,""9"":0.0}",200
Turkey/Super Lig,5,Buyuksehyr,34,16,9,9,58,35,23,57,34,0,0.0,0.0,0.0,5,100.0,"{""1"":0.0,""10"":0.0,""11"":0.0,""12"":0.0,""13"":0.0,""14"":0.0,""15"":0.0,""16"":0.0,""17"":0.0,""18"":0.0,""2"":0.0,""3"":0.0,""4"":0.0,""5"":100.0,""6"":0.0,""7"":0.0,""8"":0.0,""9"":0.0}",200
Turkey/Super Lig,6,Goztep,34,14,13,7,42,32,10,55,34,0,0.0,0.0,0.0,6,100.0,"{""1"":0.0,""10"":0.0,""11"":0.0,""12"":0.0,""13"":0.0,""14"":0.0,""15"":0.0,""16"":0.0,""17"":0.0,""18"":0.0,""2"":0.0,""3"":0.0,""4"":0.0,""5"":0.0,""6"":100.0,""7"":0.0,""8"":0.0,""9"":0.0}",200
Turkey/Super Lig,7,Samsunspor,34,13,12,9,46,45,1,51,34,0,0.0,0.0,0.0,7,100.0,"{""1"":0.0,""10"":0.0,""11"":0.0,""12"":0.0,""13"":0.0,""14"":0.0,""15"":0.0,""16"":0.0,""17"":0.0,""18"":0.0,""2"":0.0,""3"":0.0,""4"":0.0,""5"":0.0,""6"":0.0,""7"":100.0,""8"":0.0,""9"":0.0}",200
Turkey/Super Lig,8,Rizespor,34,10,11,13,46,52,-6,41,34,0,0.0,0.0,0.0,8,100.0,"{""1"":0.0,""10"":0.0,""11"":0.0,""12"":0.0,""13"":0.0,""14"":0.0,""15"":0.0,""16"":0.0,""17"":0.0,""18"":0.0,""2"":0.0,""3"":0.0,""4"":0.0,""5"":0.0,""6"":0.0,""7"":0.0,""8"":100.0,""9"":0.0}",200
Turkey/Super Lig,9,Konyaspor,34,10,10,14,43,50,-7,40,34,0,0.0,0.0,0.0,9,100.0,"{""1"":0.0,""10"":0.0,""11"":0.0,""12"":0.0,""13"":0.0,""14"":0.0,""15"":0.0,""16"":0.0,""17"":0.0,""18"":0.0,""2"":0.0,""3"":0.0,""4"":0.0,""5"":0.0,""6"":0.0,""7"":0.0,""8"":0.0,""9"":100.0}",200
Turkey/Super Lig,10,Alanyaspor,34,7,16,11,41,41,0,37,34,0,0.0,0.0,0.0,10,100.0,"{""1"":0.0,""10"":100.0,""11"":0.0,""12"":0.0,""13"":0.0,""14"":0.0,""15"":0.0,""16"":0.0,""17"":0.0,""18"":0.0,""2"":0.0,""3"":0.0,""4"":0.0,""5"":0.0,""6"":0.0,""7"":0.0,""8"":0.0,""9"":0.0}",200
Turkey/Super Lig,11,Kocaelispor,34,9,10,15,26,38,-12,37,34,0,0.0,0.0,0.0,11,100.0,"{""1"":0.0,""10"":0.0,""11"":100.0,""12"":0.0,""13"":0.0,""14"":0.0,""15"":0.0,""16"":0.0,""17"":0.0,""18"":0.0,""2"":0.0,""3"":0.0,""4"":0.0,""5"":0.0,""6"":0.0,""7"":0.0,""8"":0.0,""9"":0.0}",200
Turkey/Super Lig,12,Gaziantep,34,9,10,15,43,58,-15,37,34,0,0.0,0.0,0.0,12,100.0,"{""1"":0.0,""10"":0.0,""11"":0.0,""12"":100.0,""13"":0.0,""14"":0.0,""15"":0.0,""16"":0.0,""17"":0.0,""18"":0.0,""2"":0.0,""3"":0.0,""4"":0.0,""5"":0.0,""6"":0.0,""7"":0.0,""8"":0.0,""9"":0.0}",200
Turkey/Super Lig,13,Kasimpasa,34,8,11,15,33,49,-16,35,34,0,0.0,0.0,0.0,13,100.0,"{""1"":0.0,""10"":0.0,""11"":0.0,""12"":0.0,""13"":100.0,""14"":0.0,""15"":0.0,""16"":0.0,""17"":0.0,""18"":0.0,""2"":0.0,""3"":0.0,""4"":0.0,""5"":0.0,""6"":0.0,""7"":0.0,""8"":0.0,""9"":0.0}",200
Turkey/Super Lig,14,Genclerbirligi,34,9,7,18,36,47,-11,34,34,0,0.0,0.0,0.0,14,100.0,"{""1"":0.0,""10"":0.0,""11"":0.0,""12"":0.0,""13"":0.0,""14"":100.0,""15"":0.0,""16"":0.0,""17"":0.0,""18"":0.0,""2"":0.0,""3"":0.0,""4"":0.0,""5"":0.0,""6"":0.0,""7"":0.0,""8"":0.0,""9"":0.0}",200
Turkey/Super Lig,15,Eyupspor,34,8,9,17,33,48,-15,33,34,0,0.0,0.0,0.0,15,100.0,"{""1"":0.0,""10"":0.0,""11"":0.0,""12"":0.0,""13"":0.0,""14"":0.0,""15"":100.0,""16"":0.0,""17"":0.0,""18"":0.0,""2"":0.0,""3"":0.0,""4"":0.0,""5"":0.0,""6"":0.0,""7"":0.0,""8"":0.0,""9"":0.0}",200
Turkey/Super Lig,16,Antalyaspor,34,8,8,18,33,55,-22,32,34,0,0.0,0.0,100.0,16,100.0,"{""1"":0.0,""10"":0.0,""11"":0.0,""12"":0.0,""13"":0.0,""14"":0.0,""15"":0.0,""16"":100.0,""17"":0.0,""18"":0.0,""2"":0.0,""3"":0.0,""4"":0.0,""5"":0.0,""6"":0.0,""7"":0.0,""8"":0.0,""9"":0.0}",200
Turkey/Super Lig,17,Karagumruk,34,8,6,20,31,54,-23,30,34,0,0.0,0.0,100.0,17,100.0,"{""1"":0.0,""10"":0.0,""11"":0.0,""12"":0.0,""13"":0.0,""14"":0.0,""15"":0.0,""16"":0.0,""17"":100.0,""18"":0.0,""2"":0.0,""3"":0.0,""4"":0.0,""5"":0.0,""6"":0.0,""7"":0.0,""8"":0.0,""9"":0.0}",200
Turkey/Super Lig,18,Kayserispor,34,6,12,16,27,62,-35,30,34,0,0.0,0.0,100.0,18,100.0,"{""1"":0.0,""10"":0.0,""11"":0.0,""12"":0.0,""13"":0.0,""14"":0.0,""15"":0.0,""16"":0.0,""17"":0.0,""18"":100.0,""2"":0.0,""3"":0.0,""4"":0.0,""5"":0.0,""6"":0.0,""7"":0.0,""8"":0.0,""9"":0.0}",200
